Brands,Models,Colors,Mobile,Memory,Storage,Selling Price,Original Price,Discount,Rating
SAMSUNG,GALAXY M31S ,Mirage Black,SAMSUNG GALAXY M31S ,8,128,19330,20999,1669,4.3
Nokia,3.2,Steel,Nokia 3.2,2,16,10199,10199,0,3.8
realme,C2 ,Diamond Black,realme C2 ,2,89,6999,7999,1000,4.4
Infinix,Note 5,Ice Blue,Infinix Note 5,4,64,12999,12999,0,4.2
Apple,iPhone 11 ,Black,Apple iPhone 11 ,4,64,49900,49900,0,4.6
GIONEE,L800,Black,GIONEE L800,8,16,2199,2199,0,4
Apple,iPhone 13 Mini ,Pink,Apple iPhone 13 Mini ,6,512,99900,99900,0,4.2
Apple,iPhone XR ,Coral,Apple iPhone XR ,3,64,42999,47900,4901,4.6
SAMSUNG,Galaxy E5 ,Brown,SAMSUNG Galaxy E5 ,1.5,16,20400,20400,0,4.2
Xiaomi,Redmi Note 11T 5G,Aquamarine Blue,Xiaomi Redmi Note 11T 5G,8,128,21736,22999,1263,4.3
SAMSUNG,Galaxy A12 ,Black,SAMSUNG Galaxy A12 ,4,64,11989,11989,0,4.2
Apple,iPhone 11 ,Red,Apple iPhone 11 ,4,256,64900,64900,0,4.6
realme,X7 5G ,Nebula,realme X7 5G ,6,128,19999,21999,2000,4.3
OPPO,A33,Moonlight Black,OPPO A33,3,32,10490,12990,2500,4.3
vivo,V23 5G,Sunshine Gold,vivo V23 5G,8,128,29990,34990,5000,4.4
vivo,Y20A 2021 ,Nebula Blue,vivo Y20A 2021 ,14,64,39990,46990,7000,3.8
Apple,iPhone 13 Mini ,Pink,Apple iPhone 13 Mini ,6,512,99900,99900,0,4.2
SAMSUNG,Galaxy J2 Core ,Gold,SAMSUNG Galaxy J2 Core ,1,16,6999,6999,0,4.2
Lenovo,K10 Plus ,Sprite,Lenovo K10 Plus ,4,64,13999,13999,0,4.1
ASUS,Zenfone Max ,Blue,ASUS Zenfone Max ,2,32,7699,7699,0,4.1
Motorola,M,Grey,Motorola M,4,64,9999,9999,0,3.9
realme,1,Diamond Black,realme 1,3,89,11990,12990,1000,4.2
GIONEE,Pioneer P4S ,White,GIONEE Pioneer P4S ,1,8,3499,3499,0,3.5
realme,X3 ,Arctic White,realme X3 ,6,128,24999,26999,2000,4.4
realme,Narzo 30A ,Laser Blue,realme Narzo 30A ,3,89,8999,9999,1000,4.3
realme,8 Pro ,Illuminating Yellow,realme 8 Pro ,6,89,17999,19999,2000,4.3
GIONEE,F205 Pro ,Black,GIONEE F205 Pro ,2,16,6990,6990,0,4.1
Lenovo,A6600d40 ,Black,Lenovo A6600d40 ,2,16,7999,7999,0,4
SAMSUNG,Galaxy S9 Plus ,Polaris Blue,SAMSUNG Galaxy S9 Plus ,6,64,70000,70000,0,4.5
SAMSUNG,Galaxy A30s ,Prism Crush Black,SAMSUNG Galaxy A30s ,4,128,18199,18199,0,4.3
SAMSUNG,Galaxy J6 ,Black,SAMSUNG Galaxy J6 ,4,64,14990,14990,0,4.5
SAMSUNG,Galaxy A03 Core,Blue,SAMSUNG Galaxy A03 Core,2,32,7999,10499,2500,4
SAMSUNG,Galaxy Note 9 ,Midnight Black,SAMSUNG Galaxy Note 9 ,8,512,49999,49999,0,4.6
Infinix,Hot 6 Pro,Bordeaux Red ,Infinix Hot 6 Pro,3,32,8999,8999,0,4.3
Apple,iPhone 11 ,Green,Apple iPhone 11 ,4,64,49900,49900,0,4.6
SAMSUNG,Galaxy J2 - 2016 ,Gold,SAMSUNG Galaxy J2 - 2016 ,1.5,8,6990,6990,0,4
SAMSUNG,Metro 313,Black,SAMSUNG Metro 313,2,2,2399,2399,0,4.1
HTC,Desire 700,Black,HTC Desire 700,1,8,35490,35490,0,3.8
realme,X3 SuperZoom ,Arctic White,realme X3 SuperZoom ,8,89,29999,31999,2000,4.3
realme,9 Pro+ 5G,Midnight Black,realme 9 Pro+ 5G,8,256,28999,31999,3000,4.4
realme,Narzo 10 ,That Green,realme Narzo 10 ,4,128,11999,12999,1000,4.5
Motorola,E5,Fine Gold,Motorola E5,2,16,10999,10999,0,4.3
Google Pixel,3,Just Black,Google Pixel 3,4,64,69999,69999,0,4.5
ASUS,Zenfone Go 5.0 ,White,ASUS Zenfone Go 5.0 ,2,16,6999,6999,0,4
SAMSUNG,Galaxy A22 5G ,Violet,SAMSUNG Galaxy A22 5G ,8,128,22450,22450,0,4.2
GIONEE,Marathon M5 Plus ,CHAMPAGNE GOLD,GIONEE Marathon M5 Plus ,3,64,11999,11999,0,4.1
realme,GT Neo 2,Neo Blue,realme GT Neo 2,8,128,31999,34999,3000,4.4
SAMSUNG,Galaxy A9 Pro ,Black,SAMSUNG Galaxy A9 Pro ,4,32,22900,22900,0,4.3
Infinix,Smart 7,Purple,Infinix Smart 7,2,32,7499,8999,1500,4.3
Apple,iPhone 11 ,White,Apple iPhone 11 ,4,256,64900,64900,0,4.6
realme,9i,Prism Black,realme 9i,4,64,13999,15999,2000,4.5
Apple,iPhone 7 Plus ,Jet Black,Apple iPhone 7 Plus ,3,128,42900,42900,0,4.5
Apple,iPhone 8 ,Silver,Apple iPhone 8 ,2,64,38999,39900,901,4.5
Motorola,Z Play,White,Motorola Z Play,3,32,24999,24999,0,4.4
Apple,iPhone 11 ,Yellow,Apple iPhone 11 ,4,256,64900,64900,0,4.6
Lenovo,K4 Note ,White,Lenovo K4 Note ,3,16,7999,7999,0,3.9
OPPO,Reno4 Pro Special Edition,Starry Night,OPPO Reno4 Pro Special Edition,8,128,34990,37990,3000,4.4
OPPO,Reno7 5G,Startrails Blue,OPPO Reno7 5G,8,256,28999,37990,8991,4.2
SAMSUNG,Galaxy Note 9 ,Ocean Blue,SAMSUNG Galaxy Note 9 ,6,128,53999,73990,19991,4.6
realme,7i ,Fusion Blue,realme 7i ,4,64,13999,13999,0,4.3
Lenovo,A390 ,White,Lenovo A390 ,512,4,7580,7580,0,3.7
SAMSUNG,Galaxy S6 Edge+ ,Gold Platinum,SAMSUNG Galaxy S6 Edge+ ,4,32,28000,61988,33988,4.2
LG,Stylus 3 ,Titan,LG Stylus 3 ,3,16,9990,9990,0,3.8
realme,Narzo 20A ,Victory Blue,realme Narzo 20A ,3,32,8499,10999,2500,4.3
GIONEE,Marathon ,Grey,GIONEE Marathon ,2,16,11999,11999,0,4.4
Xiaomi,Mi 11X Pro 5G ,Celestial Silver,Xiaomi Mi 11X Pro 5G ,8,128,36290,37490,1200,4.2
LG,G5 ,Gold,LG G5 ,4,32,25999,25999,0,4
realme,6 Pro ,Lightning Red,realme 6 Pro ,6,64,17999,17999,0,4.4
Xiaomi,REDMI Note 9 ,Pebble Grey,Xiaomi REDMI Note 9 ,4,64,11999,14999,3000,4.4
OPPO,A5s,Black,OPPO A5s,4,64,10990,15990,5000,4.4
OPPO,F1,Gold,OPPO F1,3,16,15739,15739,0,4.1
HTC,One E9+,Gold Sepia,HTC One E9+,3,32,38800,38800,0,3.9
SAMSUNG,Galaxy M30S ,Blue,SAMSUNG Galaxy M30S ,4,128,13990,16590,2600,4.3
Xiaomi,MI 11X 5G ,COSMIC BLACK,Xiaomi MI 11X 5G ,6,128,24492,27995,3503,4.1
OPPO,A3s,Red,OPPO A3s,3,32,12000,12000,0,4.3
HTC,Wildfire X ,Blue,HTC Wildfire X ,4,128,16999,16999,0,3.9
SAMSUNG,Galaxy S10 ,Prism White,SAMSUNG Galaxy S10 ,8,512,92000,92000,0,4.6
Infinix,Note 11,Glacier Green,Infinix Note 11,6,128,14999,16999,2000,4.5
SAMSUNG,Galaxy M31 ,Space Black,SAMSUNG Galaxy M31 ,6,128,17888,17888,0,4.3
SAMSUNG,Galaxy A7 2016 Edition ,White,SAMSUNG Galaxy A7 2016 Edition ,3,16,20700,20700,0,4.1
SAMSUNG,Galaxy J2 Core ,Gold,SAMSUNG Galaxy J2 Core ,1,8,6200,6200,0,4.2
OPPO,A83,Champagne,OPPO A83,4,64,16990,16990,0,4.3
Xiaomi,11i Hypercharge 5G,Stealth Black,Xiaomi 11i Hypercharge 5G,6,128,26999,31999,5000,4.2
ASUS,Zenfone C ,White,ASUS Zenfone C ,1,8,6299,6299,0,3.8
SAMSUNG,Galaxy F12 ,Sky Blue,SAMSUNG Galaxy F12 ,4,128,12499,13999,1500,4.2
SAMSUNG,Galaxy F23 5G,Forest Green,SAMSUNG Galaxy F23 5G,4,128,15999,22999,7000,4
Xiaomi,Redmi Note 5 ,Gold,Xiaomi Redmi Note 5 ,4,64,11499,11499,0,4.4
OPPO,A5s,Blue,OPPO A5s,3,32,13750,13750,0,4.4
SAMSUNG,Galaxy S6 Edge ,Black Sapphire,SAMSUNG Galaxy S6 Edge ,3,32,37299,37299,0,4
OPPO,F15,Blazing Blue,OPPO F15,4,128,15990,20990,5000,4.4
realme,5 Pro ,Chroma White,realme 5 Pro ,8,128,16999,16999,0,4.5
Apple,iPhone 12 ,Red,Apple iPhone 12 ,4,128,68999,70900,1901,4.6
Apple,iPhone 12 Pro Max ,Gold,Apple iPhone 12 Pro Max ,14,512,149900,149900,0,4.6
OPPO,Reno2 F,Lake Green,OPPO Reno2 F,6,256,19990,19990,0,4.4
realme,X50 Pro 5G ,Rust Red,realme X50 Pro 5G ,12,256,47999,47999,0,4.3
OPPO,F19 Pro,Crystal Silver,OPPO F19 Pro,8,256,23490,25990,2500,4.3
OPPO,F7,Silver,OPPO F7,4,64,22990,22990,0,4.4
GIONEE,F8 Neo ,Black,GIONEE F8 Neo ,2,32,6499,6499,0,3.9
LG,Stylus 2 Plus ,Titan,LG Stylus 2 Plus ,3,16,14250,14250,0,4.1
Xiaomi,Mi 11X ,Lunar White,Xiaomi Mi 11X ,8,128,26758,26758,0,4.5
Apple,iPhone 11 Pro Max ,Gold,Apple iPhone 11 Pro Max ,4,256,131900,131900,0,4.7
Nokia,G20 ,Glacier Blue,Nokia G20 ,4,64,13549,13549,0,4.2
OPPO,Reno3 Pro,Midnight Black,OPPO Reno3 Pro,8,256,26798,28989,2191,4.4
LG,Spirit 4G LTE ,Black Titan,LG Spirit 4G LTE ,1,8,12500,12500,0,3.7
OPPO,F3 Plus,Gold,OPPO F3 Plus,4,64,12990,12990,0,4.3
vivo,V20 Pro ,Midnight Jazz,vivo V20 Pro ,4,128,10990,10990,0,4.3
LG,G7+ ThinQ ,Platinum,LG G7+ ThinQ ,6,128,55000,55000,0,4.4
LG,Optimus L70 ,Black,LG Optimus L70 ,1,4,12791,12791,0,4
OPPO,A37f,Gold,OPPO A37f,2,16,9990,9990,0,4.2
SAMSUNG,Galaxy J7 Nxt ,Black,SAMSUNG Galaxy J7 Nxt ,3,32,14995,14995,0,4.3
OPPO,A7,Glaring Gold,OPPO A7,4,64,10990,18990,8000,4.4
OPPO,A15,Mystery Blue,OPPO A15,3,32,10990,12990,2000,4.3
realme,8 5G ,Supersonic Black,realme 8 5G ,4,128,16499,16999,500,4.3
realme,C35,Glowing Green,realme C35,4,128,12999,14999,2000,4.5
GIONEE,A1 Plus ,Gold,GIONEE A1 Plus ,4,64,10499,10499,0,4.1
Infinix,Note 7,Bolivia Blue,Infinix Note 7,4,64,14999,14999,0,4.3
Nokia,Lumia 510 ,Black,Nokia Lumia 510 ,512,4,10999,10999,0,4
SAMSUNG,Galaxy F02s ,Diamond Black,SAMSUNG Galaxy F02s ,3,32,9499,10499,1000,4.2
POCO,M3 ,Cool Blue,POCO M3 ,6,64,11999,12999,1000,4.3
IQOO,3,Quantum Silver,IQOO 3,8,256,37990,40990,3000,4.4
SAMSUNG,Guru Music 2,Black,SAMSUNG Guru Music 2,14,2,1625,1625,0,4.3
SAMSUNG,Galaxy A5 ,Pearl White,SAMSUNG Galaxy A5 ,2,16,17990,17990,0,4.1
Motorola,M,Gold,Motorola M,4,64,12999,12999,0,3.9
LG,Q6+ ,Black,LG Q6+ ,4,64,19990,19990,0,3.9
GIONEE,P5L ,Black,GIONEE P5L ,1,16,3990,3990,0,3.7
SAMSUNG,Galaxy J5 Prime ,Gold,SAMSUNG Galaxy J5 Prime ,3,32,13900,13900,0,4.3
Apple,iPhone 6s ,Silver,Apple iPhone 6s ,2,32,25299,29900,4601,4.5
SAMSUNG,Tizen Z3 ,Black,SAMSUNG Tizen Z3 ,1,8,4999,4999,0,3.3
SAMSUNG,Galaxy A50 ,Black,SAMSUNG Galaxy A50 ,6,64,24000,24000,0,4.4
LG,Candy K9 ,Moroccan Blue,LG Candy K9 ,2,16,5899,7833,1934,4.1
ASUS,Zenfone Max Pro M1 ,Blue,ASUS Zenfone Max Pro M1 ,4,64,15599,15599,0,4.3
realme,C21Y ,Cross Black,realme C21Y ,3,89,8999,9999,1000,4.2
Xiaomi,11i 5G,Stealth Black,Xiaomi 11i 5G,6,128,24999,29999,5000,4.3
realme,8i ,Space Purple,realme 8i ,6,128,15999,17999,2000,4.2
ASUS,Zenfone Go ,Blue,ASUS Zenfone Go ,2,32,7499,7499,0,3.8
Apple,iPhone 6s ,Gold,Apple iPhone 6s ,2,128,55999,55999,0,4.5
Nokia,XPlus ,Bright Green,Nokia XPlus ,768,4,7990,7990,0,3.8
SAMSUNG,Galaxy A21s ,Black,SAMSUNG Galaxy A21s ,4,64,14999,17999,3000,4.2
Apple,iPhone 13 ,Starlight,Apple iPhone 13 ,4,512,109900,109900,0,4.2
ASUS,ZenFone Max M2 ,Black,ASUS ZenFone Max M2 ,4,64,14999,14999,0,4.3
LG,L60 Dual ,White,LG L60 Dual ,512,4,8800,8800,0,3.7
ASUS,ZenFone Max Pro M2 ,Blue,ASUS ZenFone Max Pro M2 ,3,32,15999,15999,0,4.3
OPPO,F11,Jewelry White,OPPO F11,6,128,17990,23990,6000,4.4
SAMSUNG,Galaxy A12 ,White,SAMSUNG Galaxy A12 ,6,128,16499,17999,1500,3.9
OPPO,Reno2 Z,Luminous Black,OPPO Reno2 Z,8,256,29489,29489,0,4.5
Apple,iPhone XR ,Yellow,Apple iPhone XR ,3,64,42999,47900,4901,4.6
Apple,iPhone 12 Pro ,Gold,Apple iPhone 12 Pro ,6,256,119900,119900,0,4.6
SAMSUNG,Galaxy S9 Plus ,Burgundy Red,SAMSUNG Galaxy S9 Plus ,6,64,70000,70000,0,4.5
OPPO,A5,Diamond Blue,OPPO A5,4,32,15000,15000,0,4.4
realme,GT 5G ,Racing Yellow,realme GT 5G ,12,256,41999,43999,2000,4.3
vivo,Y20 T,Obsidian Black,vivo Y20 T,6,64,15490,19490,4000,4.3
SAMSUNG,Galaxy A80 ,Angel Gold,SAMSUNG Galaxy A80 ,8,128,28490,33450,4960,4.4
Apple,iPhone 13 Pro Max,Gold,Apple iPhone 13 Pro Max,4,256,139900,139900,0,4.7
SAMSUNG,Galaxy M32 ,Black,SAMSUNG Galaxy M32 ,6,128,16980,18200,1220,4.4
SAMSUNG,Galaxy S6 Edge ,White Pearl,SAMSUNG Galaxy S6 Edge ,3,32,44900,44900,0,4
realme,X ,Garlic,realme X ,8,128,20999,20999,0,4.5
Apple,iPhone 6s Plus ,Rose Gold,Apple iPhone 6s Plus ,2,128,70000,70000,0,4.4
OPPO,F17,Classic Silver,OPPO F17,8,128,22990,22990,0,4.3
vivo,V21 5G ,Neon Spark,vivo V21 5G ,8,128,32990,32990,0,4.3
Motorola,E7 Power ,Coral Red,Motorola E7 Power ,2,32,6999,9999,3000,4.1
GIONEE,X1s ,Black,GIONEE X1s ,3,16,6475,6475,0,4
Nokia,C01 Plus ,Blue,Nokia C01 Plus ,2,16,6499,6499,0,4.2
OPPO,A53,Moonlight Black,OPPO A53,4,64,11990,15990,4000,4.5
realme,9i,Prism Blue,realme 9i,6,128,15999,17999,2000,4.4
realme,X2 Pro ,Lunar White,realme X2 Pro ,12,256,35999,35999,0,4.6
Google Pixel,2 XL ,Just Black,Google Pixel 2 XL ,4,128,82000,82000,0,4.6
SAMSUNG,Galaxy S3 Neo ,Black,SAMSUNG Galaxy S3 Neo ,1.5,16,13499,13499,0,4.3
LG,W10 ,Smokey Gray,LG W10 ,3,32,6999,9999,3000,3.9
SAMSUNG,Galaxy A12 ,White,SAMSUNG Galaxy A12 ,4,64,15999,15999,0,4.2
SAMSUNG,Galaxy A72 ,Awesome White,SAMSUNG Galaxy A72 ,8,256,37999,43999,6000,4.3
SAMSUNG,Galaxy A20 ,Gold,SAMSUNG Galaxy A20 ,3,32,12900,12900,0,4.3
OPPO,A54,Crystal Black,OPPO A54,4,64,14990,14990,0,4.3
SAMSUNG,Galaxy A21s ,Black,SAMSUNG Galaxy A21s ,6,128,17499,18999,1500,4.2
POCO,M2 Pro,Green and Greener,POCO M2 Pro,6,128,15999,19999,4000,4.3
OPPO,A12,Blue,OPPO A12,4,64,10490,11990,1500,4.4
OPPO,A12,Black,OPPO A12,4,64,10990,10990,0,4.4
Infinix,Hot 8,Shark Grey,Infinix Hot 8,4,64,9999,9999,0,4.5
LG,G6 ,White,LG G6 ,4,64,24998,49999,25001,4.2
Apple,iPhone 11 ,White,Apple iPhone 11 ,4,256,64900,64900,0,4.6
SAMSUNG,Tizen Z3 ,Silver,SAMSUNG Tizen Z3 ,1,8,4999,8999,4000,3.3
OPPO,A52,Stream White,OPPO A52,6,128,16990,19990,3000,4.3
SAMSUNG,M21 2021 Edition ,Arctic blue,SAMSUNG M21 2021 Edition ,4,64,13224,13899,675,4
Google Pixel,3a XL ,Just Black,Google Pixel 3a XL ,4,64,44999,44999,0,4.5
SAMSUNG,Metro 313 Dual Sim,Black,SAMSUNG Metro 313 Dual Sim,10,2,2290,2290,0,4.3
OPPO,F3 Plus,Black,OPPO F3 Plus,6,64,22990,22990,0,4.3
realme,1,Diamond Red,realme 1,3,89,11900,12990,1090,4.2
ASUS,Zenfone Max Pro M1 ,Blue,ASUS Zenfone Max Pro M1 ,6,64,17999,17999,0,4.3
Apple,iPhone 7 ,Rose Gold,Apple iPhone 7 ,2,128,34900,34900,0,4.5
SAMSUNG,Galaxy F23 5G,Aqua Blue,SAMSUNG Galaxy F23 5G,4,128,15999,22999,7000,4
SAMSUNG,Galaxy S20 FE ,Cloud Lavender,SAMSUNG Galaxy S20 FE ,8,128,49999,65999,16000,4
SAMSUNG,Galaxy S10 Plus ,Prism Blue,SAMSUNG Galaxy S10 Plus ,8,128,59900,59900,0,4.6
Lenovo,K9 ,Black,Lenovo K9 ,3,32,9999,9999,0,4.2
Xiaomi,Redmi Note 9 Pro ,Glacier White,Xiaomi Redmi Note 9 Pro ,4,64,16488,16999,511,4.3
SAMSUNG,Galaxy M01 ,Black,SAMSUNG Galaxy M01 ,3,32,8780,8780,0,4.2
Nokia,5,Silver,Nokia 5,3,16,7139,7139,0,4.1
Apple,iPhone 11 ,White,Apple iPhone 11 ,4,128,54900,54900,0,4.6
Xiaomi,Mi 11 Lite ,Vinyl Black,Xiaomi Mi 11 Lite ,6,128,21999,24999,3000,4.3
Nokia,5310 TA-1212 DS,Black,Nokia 5310 TA-1212 DS,8,16,3740,3740,0,4.2
Apple,iPhone 13 Pro ,Silver,Apple iPhone 13 Pro ,6,512,149900,149900,0,4.2
SAMSUNG,Guru 1200,Black,SAMSUNG Guru 1200,14,2,1100,1100,0,4.3
Infinix,Hot 9,Violet,Infinix Hot 9,4,64,11999,11999,0,4.4
SAMSUNG,Galaxy J1 Ace ,Black,SAMSUNG Galaxy J1 Ace ,512,4,4988,4988,0,3.9
OPPO,F11 Pro,Aurora Green,OPPO F11 Pro,6,64,16890,28990,12100,4.5
Xiaomi,Mi A2 ,Black,Xiaomi Mi A2 ,4,64,11990,12899,909,4.3
OPPO,Neo 7 4G,White,OPPO Neo 7 4G,1,16,8490,8490,0,3.8
Apple,iPhone 11 Pro ,Space Grey,Apple iPhone 11 Pro ,4,64,79999,106600,26601,4.6
ASUS,Zenfone Selfie ,Gold,ASUS Zenfone Selfie ,2,16,15999,15999,0,3.9
OPPO,F15,Lightening Black,OPPO F15,8,128,18990,22990,4000,4.4
vivo,Z1 Pro,Sonic Black,vivo Z1 Pro,4,64,15990,15990,0,4.5
Xiaomi,REDMI 9 Power ,Blazing Blue,Xiaomi REDMI 9 Power ,4,64,11499,13999,2500,4.4
SAMSUNG,Galaxy A10s ,Black,SAMSUNG Galaxy A10s ,2,32,10000,10000,0,4.4
GIONEE,P7 Max ,Grey,GIONEE P7 Max ,3,32,5950,5950,0,3.9
Xiaomi,Redmi Note 5 Pro ,Blue,Xiaomi Redmi Note 5 Pro ,4,64,14999,14999,0,4.4
LG,W30 Plus ,Thunder blue,LG W30 Plus ,4,64,12950,12950,0,3.8
Apple,iPhone 11 Pro ,Silver,Apple iPhone 11 Pro ,4,64,79999,106600,26601,4.6
OPPO,F17 PRO,Gold,OPPO F17 PRO,8,128,21999,21999,0,4.3
Apple,iPhone 13 Mini ,Blue,Apple iPhone 13 Mini ,4,256,79900,79900,0,4.2
realme,X2 ,Pearl White,realme X2 ,8,256,24999,24999,0,4.5
Infinix,Note 10 Pro,Purple,Infinix Note 10 Pro,8,256,16999,19999,3000,4.2
realme,Narzo 30A ,Laser Blue,realme Narzo 30A ,4,89,10499,10999,500,4.3
realme,X2 ,Pearl Blue,realme X2 ,8,128,20999,20999,0,4.5
realme,GT Neo 2,Neo Blue,realme GT Neo 2,12,256,35999,38999,3000,4.4
Infinix,Hot 10 Play,Obsidian Black,Infinix Hot 10 Play,4,64,9299,10999,1700,4.3
Motorola,Z2 Play,Lunar Gray,Motorola Z2 Play,4,64,27999,27999,0,4.4
Xiaomi,Redmi Y3 ,Elegant Blue,Xiaomi Redmi Y3 ,3,32,9450,9450,0,4.3
realme,9 Pro 5G,Midnight Black,realme 9 Pro 5G,6,128,17999,21999,4000,4.4
vivo,V21 5G ,Dusk Blue,vivo V21 5G ,8,256,14990,14990,0,4.3
realme,9 Pro+ 5G,Midnight Black,realme 9 Pro+ 5G,8,128,26999,29999,3000,4.4
SAMSUNG,Galaxy A52 ,Awesome Black,SAMSUNG Galaxy A52 ,6,128,27499,30499,3000,4.3
ASUS,ZenFone Lite L1 ,Gold,ASUS ZenFone Lite L1 ,2,16,7199,7199,0,4.2
realme,9 Pro 5G,Aurora Green,realme 9 Pro 5G,8,128,20999,23999,3000,4.4
HTC,Desire 526G Plus,Glacier Blue,HTC Desire 526G Plus,1,16,6999,6999,0,4
Apple,iPhone XS Max ,Gold,Apple iPhone XS Max ,4,64,73999,109900,35901,4.6
Google Pixel,4a ,Just Black,Google Pixel 4a ,6,128,31999,31999,0,4.5
SAMSUNG,On7 Pro ,Gold,SAMSUNG On7 Pro ,2,16,5990,9499,3509,4.1
realme,Narzo 50A ,Oxygen Green,realme Narzo 50A ,4,64,11499,12999,1500,4.3
vivo,Y20G ,Purist Blue,vivo Y20G ,3,16,18990,20990,2000,4.3
realme,8,Cyber Silver,realme 8,4,89,15999,16999,1000,4.3
GIONEE,P5L ,Blue,GIONEE P5L ,1,16,4899,8999,4100,3.7
SAMSUNG,Galaxy S4 Zoom ,White,SAMSUNG Galaxy S4 Zoom ,1.5,8,19999,19999,0,3.8
Motorola,M,Gold,Motorola M,3,32,14999,14999,0,3.9
Apple,iPhone 13 Pro Max ,Silver,Apple iPhone 13 Pro Max ,6,256,139900,139900,0,4.2
SAMSUNG,Sm-B110E/D,Black,SAMSUNG Sm-B110E/D,14,2,1599,1599,0,4.1
Infinix,Note 10,Purple,Infinix Note 10,6,128,12499,14999,2500,4.2
OPPO,A53,Fairy White,OPPO A53,4,64,13499,13499,0,4.5
Xiaomi,Redmi 8 ,Sapphire Blue,Xiaomi Redmi 8 ,4,64,10999,10999,0,4.3
realme,8,Cyber Black,realme 8,8,128,17999,18999,1000,4.3
vivo,X50  ,Frost Blue,vivo X50  ,8,256,44990,44990,0,5
LG,G7 ThinQ ,Black,LG G7 ThinQ ,4,64,50000,50000,0,4.4
GIONEE,S11 Lite ,Dark Blue,GIONEE S11 Lite ,4,32,8750,8750,0,4
Apple,iPhone 7 Plus ,Rose Gold,Apple iPhone 7 Plus ,3,32,36999,37900,901,4.5
GIONEE,Pioneer P3S ,Grey,GIONEE Pioneer P3S ,1,16,3990,3990,0,3.8
LG,G6 ,Black,LG G6 ,4,64,22990,55000,32010,4.2
realme,X3 SuperZoom ,Glacier Blue,realme X3 SuperZoom ,8,128,27999,29999,2000,4.3
SAMSUNG,Galaxy J2 Ace ,Gold,SAMSUNG Galaxy J2 Ace ,1.5,8,8090,8090,0,4.1
Xiaomi,11i Hypercharge 5G,Camo Green,Xiaomi 11i Hypercharge 5G,8,128,28999,33999,5000,4.3
Nokia,106,Black,Nokia 106,14,2,1519,1519,0,3.9
OPPO,K1,Astral Blue,OPPO K1,4,64,14990,18990,4000,4.4
realme,8 Pro ,Infinite Black,realme 8 Pro ,8,128,19999,21999,2000,4.4
SAMSUNG,Metro 313,Black,SAMSUNG Metro 313,14,2,2299,2299,0,4.1
Nokia,7.2,Ice,Nokia 7.2,6,64,20999,20999,0,4.1
SAMSUNG,Galaxy S5 ,Electric Blue,SAMSUNG Galaxy S5 ,2,16,21999,21999,0,3.9
SAMSUNG,Galaxy A03s ,Blue,SAMSUNG Galaxy A03s ,4,64,12499,14499,2000,4.2
SAMSUNG,Metro 350,Black,SAMSUNG Metro 350,32,2,2815,2815,0,4.1
POCO,C3 ,Arctic Blue,POCO C3 ,3,32,7999,9999,2000,4.3
Nokia,8,Polished Copper,Nokia 8,4,64,39000,39000,0,4
Apple,iPhone XS Max ,Space Grey,Apple iPhone XS Max ,4,64,73999,109900,35901,4.6
Apple,iPhone 6s,Silver,Apple iPhone 6s,2,32,29900,29900,0,4.2
realme,5i ,Aqua Blue,realme 5i ,4,64,10999,10999,0,4.5
realme,8 Pro ,Infinite Blue,realme 8 Pro ,6,89,17999,19999,2000,4.3
ASUS,Zenfone Max ,White,ASUS Zenfone Max ,2,16,7499,7499,0,4.1
realme,2,Diamond Red,realme 2,3,32,9990,9990,0,4.5
Xiaomi,Redmi 9A ,Midnight Black,Xiaomi Redmi 9A ,3,32,8389,8389,0,4.4
HTC,526G Plus,Fervor Red,HTC 526G Plus,1,16,12400,12400,0,4
Infinix,Hot 10,Ocean Wave,Infinix Hot 10,4,64,11999,11999,0,4.4
realme,5 Pro ,Crystal Green,realme 5 Pro ,8,128,16999,17999,1000,4.5
vivo,V11 Pro,Dazzling Gold,vivo V11 Pro,6,64,25990,25990,0,4.5
SAMSUNG,Galaxy J1 ,Gold,SAMSUNG Galaxy J1 ,1,8,7550,7550,0,4
Google Pixel,3 XL ,Just Black,Google Pixel 3 XL ,4,128,92000,92000,0,4.6
OPPO,F11 Pro,Aurora Green,OPPO F11 Pro,6,128,17990,29990,12000,4.5
SAMSUNG,Galaxy A12 ,Blue,SAMSUNG Galaxy A12 ,6,128,16499,17999,1500,3.9
OPPO,F11,Marble Green,OPPO F11,6,128,17990,23990,6000,4.4
SAMSUNG,Galaxy F62 ,Laser Blue,SAMSUNG Galaxy F62 ,8,128,25999,31999,6000,4.3
ASUS,Zenfone Max Pro M1 ,Blue,ASUS Zenfone Max Pro M1 ,3,32,13199,13199,0,4.3
Apple,iPhone 7 ,Gold,Apple iPhone 7 ,2,32,24999,31500,6501,4.5
vivo,Y1s ,Olive Black,vivo Y1s ,6,64,28499,34990,6491,4.4
Lenovo,K8 ,Venom Black,Lenovo K8 ,3,32,7490,11499,4009,4.1
Apple,iPhone 13 mini,Green,Apple iPhone 13 mini,4,512,94900,99900,5000,4.6
SAMSUNG,Galaxy A52s 5G ,Awesome White,SAMSUNG Galaxy A52s 5G ,8,128,37499,40999,3500,4.5
Xiaomi,Redmi 6A ,Rose Gold,Xiaomi Redmi 6A ,2,32,7699,7699,0,4.3
Xiaomi,Redmi Note 7 Pro ,Neptune Blue,Xiaomi Redmi Note 7 Pro ,6,64,16999,16999,0,4.3
vivo,Y90,Black,vivo Y90,2,16,7990,7990,0,4.4
OPPO,Reno6 5G,Aurora,OPPO Reno6 5G,8,128,29990,35990,6000,4.3
realme,Narzo 20 ,Glory Silver,realme Narzo 20 ,4,64,10499,12999,2500,4.3
Nokia,107 Dual SIM,Black,Nokia 107 Dual SIM,4,16,1900,1900,0,4.2
Xiaomi,Redmi Note 6 Pro ,Red,Xiaomi Redmi Note 6 Pro ,4,64,12499,12499,0,4.4
realme,X2 ,Pearl Blue,realme X2 ,4,64,17999,17999,0,4.5
Apple,iPhone 6s ,Space Grey,Apple iPhone 6s ,2,64,49999,49999,0,4.5
Apple,iPhone 11 ,Red,Apple iPhone 11 ,4,128,54900,54900,0,4.6
Nokia,5.4,Polar Night,Nokia 5.4,4,64,12999,16799,3800,3.9
realme,X3 SuperZoom ,Arctic White,realme X3 SuperZoom ,8,128,27999,29999,2000,4.3
Motorola,C,Pearl White,Motorola C,1,16,5499,5499,0,3.9
realme,C25 ,Watery Grey,realme C25 ,4,64,9999,10999,1000,4.4
realme,6,Comet White,realme 6,6,89,14999,17999,3000,4.4
Apple,iPhone XR ,Black,Apple iPhone XR ,3,256,91900,91900,0,4.6
OPPO,F19,Midnight Blue,OPPO F19,6,128,19990,20990,1000,4.2
ASUS,ROG ,Black,ASUS ROG ,8,128,26499,83999,57500,4.3
SAMSUNG,Galaxy J6 ,Gold,SAMSUNG Galaxy J6 ,3,32,12990,12990,0,4.4
Lenovo,A7 ,Blue,Lenovo A7 ,4,64,7990,9999,2009,3.9
OPPO,A54,Starry Blue,OPPO A54,6,128,16990,17990,1000,4.3
vivo,Y53s ,Deep Sea Blue,vivo Y53s ,6,64,16989,16989,0,4.5
Lenovo,A328 ,Black,Lenovo A328 ,1,4,7499,7499,0,3.8
Apple,iPhone 11 Pro Max ,Space Grey,Apple iPhone 11 Pro Max ,4,256,131900,131900,0,4.7
GIONEE,F11 ,Black,GIONEE F11 ,3,32,6899,6950,51,4
Nokia,6,Tempered Blue,Nokia 6,3,32,13990,13990,0,3.9
vivo,Y1S ,Aurora Blue,vivo Y1S ,4,32,22654,22654,0,4.4
Infinix,Note 11 ,Celestial Snow,Infinix Note 11 ,6,128,14499,16999,2500,4.5
realme,C20 ,Cool Grey,realme C20 ,2,32,7499,7999,500,4.4
Apple,iPhone 6s ,Rose Gold,Apple iPhone 6s ,2,16,31999,31999,0,4.5
Xiaomi,Redmi 9 ,Sky Blue,Xiaomi Redmi 9 ,4,64,10121,10121,0,4.4
OPPO,A31,Fantasy White,OPPO A31,6,128,13899,13899,0,4.3
Xiaomi,Redmi 9A ,Midnight Black,Xiaomi Redmi 9A ,2,32,7589,7589,0,4.5
LG,Q6 ,Platinum,LG Q6 ,3,32,16990,16990,0,4
Apple,iPhone 13 Pro Max ,Gold,Apple iPhone 13 Pro Max ,6,1,179900,179900,0,4.2
SAMSUNG,Galaxy A30s ,Prism Crush White,SAMSUNG Galaxy A30s ,4,128,19900,19900,0,4.3
HTC,U11,Solar Red,HTC U11,6,128,53990,53990,0,4.6
Infinix,Smart 5,Aegean Blue,Infinix Smart 5,2,32,7499,8999,1500,4.3
Motorola,G30 ,Dark Pearl,Motorola G30 ,4,64,10999,14999,4000,4.1
POCO,M2  ,Brick Red,POCO M2  ,6,128,11499,14999,3500,4.4
SAMSUNG,Galaxy J2 Core ,Blue,SAMSUNG Galaxy J2 Core ,1,16,6999,6999,0,4.2
SAMSUNG,Galaxy S20+ ,Cosmic Black,SAMSUNG Galaxy S20+ ,8,128,54999,83000,28001,4.4
Apple,iPhone 13 Mini ,Midnight,Apple iPhone 13 Mini ,4,256,79900,79900,0,4.2
SAMSUNG,Galaxy M42 ,Prism Dot Black,SAMSUNG Galaxy M42 ,8,128,29998,29998,0,4.3
HTC,620G,Santorini White,HTC 620G,1,8,7999,7999,0,3.9
GIONEE,M7 Power ,Blue,GIONEE M7 Power ,4,64,9250,9250,0,4.1
OPPO,K1,Astral Blue,OPPO K1,6,64,13990,20990,7000,4.3
Motorola,G40 Fusion ,Frosted Champagne,Motorola G40 Fusion ,6,128,16499,19999,3500,4.3
Motorola,Edge 20 Fusion ,Cyber Teal,Motorola Edge 20 Fusion ,6,128,21499,24999,3500,3.9
Nokia,C01 Plus ,Blue,Nokia C01 Plus ,2,16,6499,6499,0,4.2
Apple,iPhone 12 Pro Max ,Gold,Apple iPhone 12 Pro Max ,14,128,119900,119900,0,4.6
Apple,iPhone 12 Pro Max ,Graphite,Apple iPhone 12 Pro Max ,14,512,149900,149900,0,4.6
Motorola,C Plus,Starry Black,Motorola C Plus,2,16,6999,6999,0,4.2
ASUS,Zenfone Max ,Black,ASUS Zenfone Max ,2,16,6990,6990,0,4.1
OPPO,K1,Piano Black,OPPO K1,6,64,13990,20990,7000,4.3
OPPO,A16k,Black,OPPO A16k,3,32,10490,10490,0,4.1
Apple,iPhone 13 Mini ,Midnight,Apple iPhone 13 Mini ,4,128,69900,69900,0,4.2
SAMSUNG,Galaxy A50s ,Prism Crush Violet,SAMSUNG Galaxy A50s ,6,128,21099,26900,5801,4.3
Xiaomi,Redmi 6 Pro ,Lake Blue,Xiaomi Redmi 6 Pro ,4,64,11999,11999,0,4.4
Nokia,Asha 206,Black,Nokia Asha 206,32,64,2790,2790,0,3.8
Apple,iPhone 12 Pro ,Pacific Blue,Apple iPhone 12 Pro ,6,256,119900,119900,0,4.6
SAMSUNG,Galaxy F62 ,Laser Blue,SAMSUNG Galaxy F62 ,6,128,23999,29999,6000,4.2
Lenovo,A7000 ,White,Lenovo A7000 ,2,8,8999,8999,0,4
Xiaomi,REDMI Note 10S ,Cosmic Purple,Xiaomi REDMI Note 10S ,6,128,17765,17765,0,4.4
Apple,iPhone 7 Plus ,Gold,Apple iPhone 7 Plus ,3,32,36999,37900,901,4.5
SAMSUNG,Galaxy S6 ,Gold Platinum,SAMSUNG Galaxy S6 ,3,32,33900,33900,0,4
realme,5 Pro ,Chroma White,realme 5 Pro ,6,64,14999,15999,1000,4.5
SAMSUNG,Galaxy J4 Plus ,Gold,SAMSUNG Galaxy J4 Plus ,2,32,9499,9499,0,4.3
Xiaomi,11 Lite NE,Tuscany Coral,Xiaomi 11 Lite NE,8,128,23999,23999,0,4.4
SAMSUNG,Galaxy Z Flip3 5G ,Phantom Black,SAMSUNG Galaxy Z Flip3 5G ,8,128,84999,95999,11000,4.3
Infinix,Hot S3,Blush Gold,Infinix Hot S3,3,32,9999,9999,0,4.2
POCO,C3 ,Matte Black,POCO C3 ,3,32,7999,9999,2000,4.3
Apple,iPhone 8 ,Gold,Apple iPhone 8 ,2,64,38999,39900,901,4.5
ASUS,Zenfone Go ,Gold,ASUS Zenfone Go ,1,8,5699,5699,0,3.8
OPPO,A3s,Purple,OPPO A3s,3,32,12990,12990,0,4.3
SAMSUNG,Galaxy A30s ,Prism Crush White,SAMSUNG Galaxy A30s ,4,64,15899,18900,3001,4.3
SAMSUNG,Guru Music 2 SM-B310E,Black,SAMSUNG Guru Music 2 SM-B310E,14,16,1890,1890,0,4.2
Apple,iPhone 12 ,Red,Apple iPhone 12 ,4,256,78999,94900,15901,4.6
realme,Narzo 30 ,Racing Silver,realme Narzo 30 ,4,64,13499,14999,1500,4.3
realme,C15 ,Power Silver,realme C15 ,4,89,10999,12999,2000,4.4
Nokia,3310 DS 2020,Black,Nokia 3310 DS 2020,16,32,3886,3886,0,3.8
Nokia,125 TA-1253 DS,Black,Nokia 125 TA-1253 DS,4,4,2142,2192,50,3.9
SAMSUNG,Galaxy A52 ,Awesome White,SAMSUNG Galaxy A52 ,6,128,27499,30499,3000,4.3
ASUS,ZenFone Max M2 ,Blue,ASUS ZenFone Max M2 ,3,32,12999,12999,0,4.3
GIONEE,A1 ,Gold,GIONEE A1 ,4,64,7675,8999,1324,4
OPPO,K3,Jade Black,OPPO K3,8,128,30994,30994,0,4.2
POCO,C31,Royal Blue,POCO C31,4,64,8999,11999,3000,4.4
Nokia,225,Black,Nokia 225,14,32,3499,3499,0,3.6
SAMSUNG,Galaxy A32 ,Awesome Violet,SAMSUNG Galaxy A32 ,6,128,21999,24999,3000,4.1
vivo,Y21T,Midnight Blue,vivo Y21T,4,128,16490,19990,3500,4.1
realme,6 Pro ,Lightning Red,realme 6 Pro ,6,128,18999,18999,0,4.4
Infinix,S5 Pro,Violet,Infinix S5 Pro,4,64,12999,12999,0,4.4
ASUS,Zenfone Selfie ,White,ASUS Zenfone Selfie ,3,16,13999,13999,0,4
OPPO,A9,Fluorite Purple,OPPO A9,4,128,12990,16990,4000,4.4
realme,Narzo 30 Pro 5G ,Blade Silver,realme Narzo 30 Pro 5G ,6,64,16999,18999,2000,4.3
Infinix,S5 ,Violet,Infinix S5 ,4,64,10999,10999,0,4.3
Motorola,One Action ,Pearl White,Motorola One Action ,4,128,10999,16999,6000,4.2
Xiaomi,11 Lite NE,Vinyl Black,Xiaomi 11 Lite NE,6,128,25990,25990,0,4.3
ASUS,ROG Phone 5 ,White,ASUS ROG Phone 5 ,8,128,49999,55999,6000,4.3
Motorola,One Power ,Black,Motorola One Power ,4,64,18999,18999,0,4.3
realme,1,Diamond Black,realme 1,6,128,10999,14990,3991,4.3
ASUS,ROG Phone II ,Black,ASUS ROG Phone II ,12,512,62999,62999,0,4.6
Apple,iPhone 12 Pro ,Graphite,Apple iPhone 12 Pro ,6,256,119900,119900,0,4.6
GIONEE,P2S ,Black,GIONEE P2S ,512,4,2450,2450,0,3.6
Lenovo,Vibe K5 Note ,Gold,Lenovo Vibe K5 Note ,3,32,10999,10999,0,4.1
Apple,iPhone XS ,Space Grey,Apple iPhone XS ,4,512,134900,134900,0,4.7
Nokia,8.1,Blue,Nokia 8.1,4,64,28831,28831,0,4.3
OPPO,A52,Stream White,OPPO A52,4,128,14990,17990,3000,4.4
SAMSUNG,Galaxy A32 ,Awesome White,SAMSUNG Galaxy A32 ,6,128,21999,24999,3000,4.1
Infinix,Hot 10 Play,Morandi Green,Infinix Hot 10 Play,4,64,9299,10999,1700,4.3
Xiaomi,Mi 11X ,Lunar White,Xiaomi Mi 11X ,6,128,24338,25989,1651,4.3
Xiaomi,Mi 11X Pro 5G ,Lunar White,Xiaomi Mi 11X Pro 5G ,8,256,38999,38999,0,4.4
SAMSUNG,Galaxy A21s ,Blue,SAMSUNG Galaxy A21s ,4,64,14999,17999,3000,4.2
Apple,iPhone 8 Plus ,Space Grey,Apple iPhone 8 Plus ,3,64,49900,49900,0,4.6
SAMSUNG,Galaxy M20 ,Charcoal Black,SAMSUNG Galaxy M20 ,4,64,11990,12250,260,4.3
realme,9 5G SE,Azure Glow,realme 9 5G SE,8,128,22999,26999,4000,4.5
SAMSUNG,Galaxy S20 ,Cloud Pink,SAMSUNG Galaxy S20 ,8,128,74000,74000,0,4.3
OPPO,A54,Moonlight Gold,OPPO A54,6,128,16990,17990,1000,4.3
SAMSUNG,M02s ,Blue,SAMSUNG M02s ,3,32,9539,10389,850,4.2
realme,C25s ,Watery Blue,realme C25s ,4,64,10999,10999,0,4.4
Nokia,5310ds,Black,Nokia 5310ds,8,16,3429,3445,16,4.1
Apple,iPhone XS Max ,Silver,Apple iPhone XS Max ,4,256,78999,124900,45901,4.6
OPPO,A71k,Gold,OPPO A71k,3,16,10990,10990,0,4.4
SAMSUNG,Galaxy S Duos 2 ,Pure White,SAMSUNG Galaxy S Duos 2 ,512,4,5999,5999,0,4
LG,W10 Alpha ,Black,LG W10 Alpha ,3,32,7299,7299,0,3.7
LG,Optimus L5 II ,Black,LG Optimus L5 II ,512,4,10199,10199,0,4.5
Apple,iPhone 11 Pro ,Space Grey,Apple iPhone 11 Pro ,4,256,79999,106600,26601,4.6
ASUS,ZenFone Max Pro M2 ,Titanium,ASUS ZenFone Max Pro M2 ,4,64,17999,17999,0,4.3
Nokia,6.1,Gold,Nokia 6.1,3,32,17979,17979,0,4.2
realme,3i ,Diamond Blue,realme 3i ,4,64,10499,10999,500,4.4
GIONEE,M7 Power ,Blue,GIONEE M7 Power ,4,64,7999,7999,0,4.1
Apple,iPhone 6s ,Space Grey,Apple iPhone 6s ,2,32,25299,29900,4601,4.5
Apple,iPhone 11 ,Black,Apple iPhone 11 ,4,128,54900,54900,0,4.6
Apple,iPhone XR ,Blue,Apple iPhone XR ,3,64,42999,47900,4901,4.6
Nokia,7.1,Steel,Nokia 7.1,4,64,12998,12998,0,4.1
ASUS,Zenfone Selfie ,White,ASUS Zenfone Selfie ,2,16,15999,15999,0,3.9
POCO,F1,Steel Blue,POCO F1,8,256,30999,30999,0,4.5
realme,C11 2021 ,Cool Blue,realme C11 2021 ,4,64,8799,9999,1200,4.2
Infinix,Smart 4,Violet,Infinix Smart 4,2,32,8999,8999,0,4.4
Apple,iPhone 12 Pro ,Gold,Apple iPhone 12 Pro ,6,512,139900,139900,0,4.6
OPPO,F5,Red,OPPO F5,6,64,24990,24990,0,4.4
realme,Narzo 30 ,Racing Blue,realme Narzo 30 ,4,64,13499,14999,1500,4.3
OPPO,Reno6 Pro 5G,Stellar Black,OPPO Reno6 Pro 5G,12,256,39990,46990,7000,4.4
Apple,iPhone 12 Pro ,Graphite,Apple iPhone 12 Pro ,6,128,109900,109900,0,4.6
SAMSUNG,Galaxy S21 ,Phantom White,SAMSUNG Galaxy S21 ,8,256,73999,87999,14000,4.3
Xiaomi,Redmi 8A Dual ,Sea Blue,Xiaomi Redmi 8A Dual ,3,64,9499,9499,0,4.4
SAMSUNG,Galaxy S4 Mini ,White Frost,SAMSUNG Galaxy S4 Mini ,1.5,8,20400,20400,0,3.8
Infinix,Hot 4 Pro,Magic Gold,Infinix Hot 4 Pro,3,16,7499,7499,0,4
Apple,iPhone 6s Plus ,Rose Gold,Apple iPhone 6s Plus ,2,16,49999,49999,0,4.4
SAMSUNG,Galaxy A6 ,Blue,SAMSUNG Galaxy A6 ,4,64,16990,16990,0,4.3
SAMSUNG,Galaxy A22 ,Black,SAMSUNG Galaxy A22 ,6,128,17578,19499,1921,4.3
SAMSUNG,Galaxy Note 5 ,Silver Titanium,SAMSUNG Galaxy Note 5 ,4,32,38900,38900,0,3.9
SAMSUNG,Galaxy A50 ,White,SAMSUNG Galaxy A50 ,6,64,24000,24000,0,4.4
Nokia,5.1,Black,Nokia 5.1,3,32,7899,7899,0,4
SAMSUNG,Galaxy M31 ,Space Black,SAMSUNG Galaxy M31 ,6,64,16299,16299,0,4.3
SAMSUNG,Galaxy S Duos 3 ,Ceramic White,SAMSUNG Galaxy S Duos 3 ,512,4,6048,6048,0,4
Xiaomi,Redmi 9 ,Carbon Black,Xiaomi Redmi 9 ,4,64,10070,10129,59,4.2
SAMSUNG,Galaxy S10 Lite ,Prism Blue,SAMSUNG Galaxy S10 Lite ,8,128,40999,43999,3000,4.5
Infinix,Hot 7 Pro,Mocha Brown,Infinix Hot 7 Pro,6,64,10999,10999,0,4.2
POCO,X3 Pro ,Steel Blue,POCO X3 Pro ,6,128,18999,23999,5000,4.4
HTC,U11,Sapphire Blue,HTC U11,6,128,53990,53990,0,4.6
POCO,M4 Pro 5G,Yellow,POCO M4 Pro 5G,6,128,16999,19999,3000,4.4
Xiaomi,11 Lite NE,Diamond Dazzle,Xiaomi 11 Lite NE,8,128,27999,27999,0,4.4
Apple,iPhone 13 Mini ,Midnight,Apple iPhone 13 Mini ,6,512,99900,99900,0,4.2
GIONEE,Elife S7 ,Black,GIONEE Elife S7 ,2,16,15999,15999,0,4.1
SAMSUNG,Galaxy S21 ,Phantom Gray,SAMSUNG Galaxy S21 ,8,128,69999,83999,14000,4.3
LG,G Pro 2 ,Titan,LG G Pro 2 ,3,16,42021,42021,0,4.5
SAMSUNG,Galaxy M31 ,Space Black,SAMSUNG Galaxy M31 ,8,128,19990,19990,0,4.3
Apple,iPhone 12 ,Blue,Apple iPhone 12 ,4,64,63999,65900,1901,4.6
SAMSUNG,Guru FM Plus,Black,SAMSUNG Guru FM Plus,14,2,1435,1435,0,4.2
GIONEE,L700,Black,GIONEE L700,8,16,1890,1890,0,3.9
Lenovo,A7000 Turbo ,Black,Lenovo A7000 Turbo ,2,16,5999,5999,0,3.8
Lenovo,P2 ,Grey,Lenovo P2 ,3,32,16999,16999,0,4.3
Lenovo,K3 Note ,Yellow,Lenovo K3 Note ,2,16,7999,7999,0,4
realme,Narzo 20 Pro ,White Knight,realme Narzo 20 Pro ,8,128,16999,18999,2000,4.3
vivo,Y11 ,Agate Red,vivo Y11 ,4,64,16990,20990,4000,4.4
SAMSUNG,Galaxy A50s ,Prism Crush Violet,SAMSUNG Galaxy A50s ,4,128,14999,24900,9901,4.3
SAMSUNG,Galaxy J7 Prime 2 ,Black,SAMSUNG Galaxy J7 Prime 2 ,3,32,14990,14990,0,4.3
OPPO,Reno 10x Zoom,Ocean Green,OPPO Reno 10x Zoom,8,256,41990,55990,14000,4.4
HTC,10,Topaz Gold,HTC 10,4,32,56690,56690,0,4.2
Apple,iPhone 6s ,Silver,Apple iPhone 6s ,2,64,49999,49999,0,4.5
SAMSUNG,Galaxy A5 ,Black,SAMSUNG Galaxy A5 ,2,16,14490,14490,0,4.1
Apple,iPhone 6s ,Gold,Apple iPhone 6s ,2,32,25299,29900,4601,4.5
Apple,iPhone SE ,Black,Apple iPhone SE ,2,128,44900,44900,0,4.5
Apple,iPhone 12 Pro Max ,Silver,Apple iPhone 12 Pro Max ,14,128,119900,119900,0,4.6
Lenovo,A5 ,Gold,Lenovo A5 ,2,16,6999,6999,0,4.1
Apple,iPhone 13 Pro Max ,Graphite,Apple iPhone 13 Pro Max ,6,256,139900,139900,0,4.2
Infinix,Hot 6 Pro,City Blue,Infinix Hot 6 Pro,3,32,8999,8999,0,4.3
Nokia,6310,Black,Nokia 6310,16,8,4400,4400,0,4.2
GIONEE,P5_W ,Blue,GIONEE P5_W ,1,16,4190,7238,3048,3.8
POCO,C3 ,Lime Green,POCO C3 ,3,32,7999,9999,2000,4.3
SAMSUNG,Galaxy S10 ,Prism White,SAMSUNG Galaxy S10 ,8,128,39999,71000,31001,4.6
Apple,iPhone 13 Mini ,Red,Apple iPhone 13 Mini ,4,128,69900,69900,0,4.2
Nokia,215 4G DS,Black,Nokia 215 4G DS,64,128,3220,3220,0,3.6
realme,8i ,Space Black,realme 8i ,4,64,13999,15999,2000,4.2
SAMSUNG,Galaxy S7 ,Black Onyx,SAMSUNG Galaxy S7 ,4,32,24999,24999,0,4.4
Nokia,TA-1174 / TA-1299,Black,Nokia TA-1174 / TA-1299,4,4,1149,1149,0,4.2
POCO,F1,Steel Blue,POCO F1,6,128,24999,24999,0,4.2
Apple,iPhone XR ,Coral,Apple iPhone XR ,3,128,47999,52900,4901,4.6
realme,C12 ,Power Silver,realme C12 ,4,64,10999,10999,0,4.4
Nokia,C3 ,Nordic Blue,Nokia C3 ,2,16,7290,7290,0,3.7
SAMSUNG,Galaxy J5 Prime ,Black,SAMSUNG Galaxy J5 Prime ,2,16,14500,14500,0,4
Nokia,C20 Plus ,Blue,Nokia C20 Plus ,3,32,9999,11099,1100,3.8
Xiaomi,Redmi 8A ,Sunset Red,Xiaomi Redmi 8A ,2,32,7999,7999,0,4.2
Infinix,Hot 10,Moonlight Jade,Infinix Hot 10,6,128,13999,13999,0,4.3
Infinix,Hot 10 Play,Aegean Blue,Infinix Hot 10 Play,3,32,8299,9999,1700,4.3
SAMSUNG,Galaxy M12 ,White,SAMSUNG Galaxy M12 ,6,128,14490,14999,509,4.2
ASUS,Zenfone Go 5.0 LTE 2nd Gen ,Gold,ASUS Zenfone Go 5.0 LTE 2nd Gen ,2,16,5840,5840,0,3.6
POCO,M2 Pro,Two shades of black,POCO M2 Pro,4,64,13999,17999,4000,4.4
ASUS,Zenfone Selfie ,Red,ASUS Zenfone Selfie ,3,32,11999,11999,0,4
vivo,Y75 5G,Glowing Galaxy,vivo Y75 5G,8,128,22490,22490,0,4.3
Xiaomi,11i 5G,Pacific Pearl,Xiaomi 11i 5G,6,128,24999,29999,5000,4.3
Xiaomi,Redmi Y2 ,Rose Gold,Xiaomi Redmi Y2 ,3,32,9999,9999,0,4.3
OPPO,A5s,Black,OPPO A5s,3,32,9490,12990,3500,4.4
Nokia,7.2,Charcoal,Nokia 7.2,4,64,19999,19999,0,4.1
SAMSUNG,Galaxy S20 FE ,Cloud Mint,SAMSUNG Galaxy S20 FE ,8,128,49999,65999,16000,4
SAMSUNG,Galaxy Ace NXT ,Black,SAMSUNG Galaxy Ace NXT ,512,4,5795,5795,0,3.8
GIONEE,S6 ,Silver,GIONEE S6 ,3,32,7999,7999,0,3.8
LG,Wing ,Aurora Gray,LG Wing ,8,128,29999,80000,50001,4.2
Lenovo,Sisley S60 ,Grey,Lenovo Sisley S60 ,2,8,6980,6980,0,3.5
ASUS,Zenfone 4 Selfie ,Black,ASUS Zenfone 4 Selfie ,3,32,10999,10999,0,4.1
Infinix,Hot 10,Moonlight Jade,Infinix Hot 10,4,64,11999,11999,0,4.4
realme,9 5G SE,Starry Glow,realme 9 5G SE,6,128,19999,24999,5000,4.5
Nokia,6.1 Plus ,White,Nokia 6.1 Plus ,4,64,18599,18599,0,4.3
SAMSUNG,Galaxy J7 Prime ,Black,SAMSUNG Galaxy J7 Prime ,3,32,15300,15300,0,4.2
Motorola,G30 ,Pastel Sky,Motorola G30 ,4,64,10999,14999,4000,4.1
Nokia,G10 ,Night | Dark Blue,Nokia G10 ,4,64,12149,12149,0,4.2
Apple,iPhone XR ,Red,Apple iPhone XR ,3,64,42999,47900,4901,4.6
Xiaomi,Y11T Pro,Celestial Magic,Xiaomi Y11T Pro,8,256,42999,42999,0,4.3
realme,X ,Super Polar White,realme X ,8,128,21999,21999,0,4.5
SAMSUNG,Galaxy F02s ,Diamond Black,SAMSUNG Galaxy F02s ,4,64,10499,11499,1000,4.2
HTC,One M8 ,Silver,HTC One M8 ,2,16,59900,59900,0,4.4
vivo,V21 5G ,Arctic White,vivo V21 5G ,8,256,14990,14990,0,4.3
GIONEE,S11 Lite ,Gold,GIONEE S11 Lite ,4,32,15490,15490,0,4
OPPO,Reno3 Pro,Auroral Blue,OPPO Reno3 Pro,8,256,27990,35990,8000,4.4
SAMSUNG,Galaxy A8 Plus ,Gold,SAMSUNG Galaxy A8 Plus ,6,64,29990,29990,0,4.2
SAMSUNG,Guru Music 2,Black,SAMSUNG Guru Music 2,14,16,1625,1625,0,4.3
SAMSUNG,Galaxy S7 ,Gold Platinum,SAMSUNG Galaxy S7 ,4,32,22222,52000,29778,4.4
realme,X7 5G ,Space Silver,realme X7 5G ,8,128,21999,23999,2000,4.3
Xiaomi,Redmi 9A ,SeaBlue,Xiaomi Redmi 9A ,2,32,7619,7619,0,4.5
SAMSUNG,Galaxy A70 ,Blue,SAMSUNG Galaxy A70 ,6,128,30900,30900,0,4.3
realme,6 Pro ,Lightning Blue,realme 6 Pro ,6,64,17999,17999,0,4.4
Infinix,Note 11S Free Fire Edition,Mithril Grey,Infinix Note 11S Free Fire Edition,8,128,15999,18999,3000,4.3
SAMSUNG,Galaxy J4 ,Black,SAMSUNG Galaxy J4 ,2,16,8990,8990,0,4.3
GIONEE,X1s ,Gold,GIONEE X1s ,3,16,6450,6450,0,4
Motorola,XT502,Black,Motorola XT502,512,16,15990,15990,0,3.8
Nokia,5,Tempered Blue,Nokia 5,3,16,16199,16199,0,4.1
Nokia,6310,Black,Nokia 6310,8,16,4189,4189,0,4.2
HTC,Desire 828,Pearl White,HTC Desire 828,2,16,16990,16990,0,3.7
POCO,X2,Matrix Purple,POCO X2,6,128,15999,19999,4000,4.5
SAMSUNG,Galaxy Note 9 ,Ocean Blue,SAMSUNG Galaxy Note 9 ,8,512,59999,59999,0,4.6
ASUS,Zenfone Go 5.0 ,Black,ASUS Zenfone Go 5.0 ,2,16,4499,4499,0,4
SAMSUNG,Galaxy Mega 5.8 ,Black,SAMSUNG Galaxy Mega 5.8 ,1.5,8,26000,26000,0,3.8
SAMSUNG,Galaxy M42 5G ,Prism Dot Black,SAMSUNG Galaxy M42 5G ,6,128,21450,21450,0,4.3
Apple,iPhone XR ,Yellow,Apple iPhone XR ,3,128,47999,52900,4901,4.6
SAMSUNG,Galaxy M10 ,Charcoal Black,SAMSUNG Galaxy M10 ,2,16,8170,8170,0,4.3
LG,Q6+ ,Platinum,LG Q6+ ,4,64,19990,19990,0,3.9
OPPO,F11 Pro,Thunder Black,OPPO F11 Pro,6,128,17990,29990,12000,4.5
Nokia,105 DS 2020,Black,Nokia 105 DS 2020,4,4,1399,1599,200,4.2
Motorola,E7 Plus ,Misty Blue,Motorola E7 Plus ,4,64,8999,12999,4000,4.2
Lenovo,K6 Note ,Silver,Lenovo K6 Note ,3,32,7490,14890,7400,4.1
OPPO,A52,Twilight Black,OPPO A52,6,128,17999,17999,0,4.3
Xiaomi,Redmi 9 ,Sky Blue,Xiaomi Redmi 9 ,4,128,11199,11990,791,4.4
realme,1,Silver,realme 1,4,64,11490,12990,1500,4.4
SAMSUNG,Galaxy Grand I9082 ,Metallic Blue,SAMSUNG Galaxy Grand I9082 ,1,8,8999,8999,0,4
vivo,Y72 5G ,Slate Gray,vivo Y72 5G ,8,128,21990,21990,0,4.4
Xiaomi,Redmi K20 Pro ,Carbon Black,Xiaomi Redmi K20 Pro ,6,128,28999,28999,0,4.5
ASUS,Zenfone Max ZC550KL ,Black,ASUS Zenfone Max ZC550KL ,3,32,7990,7990,0,4.1
Infinix,Smart 8,Aegean Blue,Infinix Smart 8,2,32,7499,8999,1500,4.3
SAMSUNG,Galaxy A12 ,White,SAMSUNG Galaxy A12 ,6,128,15989,16489,500,3.9
realme,C25 ,Watery Blue,realme C25 ,4,128,10999,11999,1000,4.4
Apple,iPhone 7 ,Rose Gold,Apple iPhone 7 ,2,32,24999,31500,6501,4.5
Lenovo,A6 Note ,Black,Lenovo A6 Note ,3,32,9999,9999,0,4.2
vivo,Y83 Pro,Black,vivo Y83 Pro,4,64,15900,15900,0,4.4
SAMSUNG,Galaxy A52 ,Awesome Violet,SAMSUNG Galaxy A52 ,8,128,28999,31999,3000,4.4
SAMSUNG,Galaxy F22 ,Denim Black,SAMSUNG Galaxy F22 ,4,64,12999,14999,2000,4.3
Apple,iPhone 6 ,Gold,Apple iPhone 6 ,1,64,62500,62500,0,4.4
LG,Optimus L7 II Dual ,White,LG Optimus L7 II Dual ,768,4,13299,13299,0,4
OPPO,F9 Pro,Twilight Blue,OPPO F9 Pro,6,64,21150,21150,0,4.5
Apple,iPhone 11 Pro ,Space Grey,Apple iPhone 11 Pro ,4,512,140300,140300,0,4.6
Lenovo,P2 ,Gold,Lenovo P2 ,4,32,17999,17999,0,4.3
SAMSUNG,Galaxy A03s ,Blue,SAMSUNG Galaxy A03s ,3,32,11499,13499,2000,4
Motorola,One Macro ,Ultra Violet,Motorola One Macro ,4,64,9499,11999,2500,4.3
Google Pixel,Nexus 5X ,Black,Google Pixel Nexus 5X ,2,16,12000,29990,17990,4.5
SAMSUNG,Galaxy M30s ,Black,SAMSUNG Galaxy M30s ,6,128,16999,16999,0,4.1
OPPO,A54,Starry Blue,OPPO A54,4,128,15990,15990,0,4.3
Xiaomi,Redmi Note 7 ,Onyx Black,Xiaomi Redmi Note 7 ,3,32,11900,12999,1099,4.2
OPPO,F17 Pro,Matte Black,OPPO F17 Pro,8,128,19990,25990,6000,4.3
Xiaomi,Mi A2 ,Red,Xiaomi Mi A2 ,4,64,11948,11948,0,4.4
SAMSUNG,Metro 313,Black,SAMSUNG Metro 313,4,2,2050,2050,0,4.2
Motorola,G8 Plus,Cosmic Blue,Motorola G8 Plus,4,64,12999,15999,3000,4.3
ASUS,Zenfone Go 5.0 ,Black,ASUS Zenfone Go 5.0 ,2,8,4990,4990,0,4
Infinix,Hot 10 Play,Purple  ,Infinix Hot 10 Play,3,32,8299,9999,1700,4.3
ASUS,Zenfone 4 Selfie ,Gold,ASUS Zenfone 4 Selfie ,3,32,10999,10999,0,4.1
OPPO,F17,Dynamic Orange,OPPO F17,6,128,16990,20990,4000,4.2
OPPO,Reno4 Pro Special Edition,Galactic Blue,OPPO Reno4 Pro Special Edition,8,128,34990,37990,3000,4.4
SAMSUNG,Galaxy J7 Duo ,Gold,SAMSUNG Galaxy J7 Duo ,4,32,17889,17889,0,4.3
Xiaomi,Redmi Note 6 Pro ,Red,Xiaomi Redmi Note 6 Pro ,6,64,17999,17999,0,4.5
SAMSUNG,Galaxy A72 ,Awesome Blue,SAMSUNG Galaxy A72 ,8,256,37999,43999,6000,4.3
LG,W31 ,Midnight Blue,LG W31 ,4,64,9999,9999,0,4
Motorola,Razr ,Gold,Motorola Razr ,6,128,74999,149999,75000,3.8
SAMSUNG,Galaxy Note 10 ,Aura Glow,SAMSUNG Galaxy Note 10 ,8,256,73600,75000,1400,4.5
SAMSUNG,Galaxy S10 Plus ,Ceramic White,SAMSUNG Galaxy S10 Plus ,12,1,117990,117990,0,4.5
Infinix,Note 10,Black,Infinix Note 10,6,128,12499,14999,2500,4.2
Nokia,Lumia 625 ,White,Nokia Lumia 625 ,512,8,17599,17599,0,4.1
realme,8 5G ,Supersonic Blue,realme 8 5G ,4,64,15499,15999,500,4.3
Apple,iPhone 12 Pro ,Silver,Apple iPhone 12 Pro ,6,128,109900,109900,0,4.6
Xiaomi,Redmi 8A Dual ,Sky White,Xiaomi Redmi 8A Dual ,3,64,8561,8561,0,4.4
SAMSUNG,Galaxy A9 ,Lemonade Blue,SAMSUNG Galaxy A9 ,6,128,36000,36000,0,4.4
Infinix,Smart 5,Morandi Green,Infinix Smart 5,2,32,7499,8999,1500,4.3
Xiaomi,Mi 10i ,Atlantic Blue,Xiaomi Mi 10i ,8,128,24890,24988,98,4.3
POCO,F1,Steel Blue,POCO F1,6,64,21999,21999,0,4.5
GIONEE,P2S ,White,GIONEE P2S ,512,4,2650,2650,0,3.6
realme,C35,Glowing Green,realme C35,4,64,11999,13999,2000,4.5
Apple,iPhone 6 ,Grey,Apple iPhone 6 ,1,128,71500,71500,0,4.4
Xiaomi,Redmi 5 ,Gold,Xiaomi Redmi 5 ,3,32,9399,9399,0,4.4
Infinix,Hot 7,Aqua Blue,Infinix Hot 7,4,64,9999,9999,0,4.2
Lenovo,K3 Note ,Black,Lenovo K3 Note ,2,16,9900,9900,0,4
Lenovo,B ,White,Lenovo B ,1,8,6799,6799,0,3.8
SAMSUNG,Metro 350,Black,SAMSUNG Metro 350,32,16,3013,3013,0,4.1
Apple,iPhone XS Max ,Space Grey,Apple iPhone XS Max ,4,512,144900,144900,0,4.6
OPPO,Neo 5,White,OPPO Neo 5,1,16,4999,7490,2491,3.8
realme,8,Cyber Black,realme 8,6,128,16999,17999,1000,4.3
Apple,iPhone 11 Pro Max ,Silver,Apple iPhone 11 Pro Max ,4,256,131900,131900,0,4.7
Lenovo,Vibe K5 Note ,Silver,Lenovo Vibe K5 Note ,3,32,10999,10999,0,4.1
realme,5 Pro ,Crystal Green,realme 5 Pro ,6,64,14999,15999,1000,4.5
Nokia,110 TA-1302 DS,Black,Nokia 110 TA-1302 DS,4,4,1680,1680,0,4.1
Infinix,Hot 8,Cosmic Purple,Infinix Hot 8,4,64,9999,9999,0,4.5
SAMSUNG,M32 5G ,Sky blue,SAMSUNG M32 5G ,6,128,21499,23999,2500,4.2
HTC,U11,Amazing Silver,HTC U11,6,128,53990,53990,0,4.6
SAMSUNG,Galaxy S5 ,Charcoal Black,SAMSUNG Galaxy S5 ,2,16,21999,21999,0,3.9
Infinix,Hot 11S,Silver Wave,Infinix Hot 11S,4,128,11999,14999,3000,4.3
SAMSUNG,Galaxy S20 ,Cosmic Gray,SAMSUNG Galaxy S20 ,8,128,52905,52905,0,4.3
Google Pixel,3 XL ,Not Pink,Google Pixel 3 XL ,4,128,92000,92000,0,4.6
realme,C21 ,Cross Black,realme C21 ,3,32,8999,9999,1000,4.4
realme,C21 ,Cross Blue,realme C21 ,3,32,8999,9999,1000,4.4
SAMSUNG,M01 core ,Blue,SAMSUNG M01 core ,1,16,4999,4999,0,3.9
SAMSUNG,Galaxy A20s ,Blue,SAMSUNG Galaxy A20s ,4,64,13695,14900,1205,4.3
Nokia,2.3,Sand,Nokia 2.3,2,32,9999,9999,0,4
LG,Q6+ ,Blue,LG Q6+ ,4,64,19990,19990,0,3.9
Infinix,Hot 11S,Green Wave,Infinix Hot 11S,4,64,10999,13999,3000,4.3
SAMSUNG,Galaxy Note10 Lite ,Aura Glow,SAMSUNG Galaxy Note10 Lite ,8,128,39999,45000,5001,4.3
POCO,X3 Pro ,Graphite Black,POCO X3 Pro ,6,128,18999,23999,5000,4.4
SAMSUNG,Galaxy Trend ,Ceramic White,SAMSUNG Galaxy Trend ,512,4,4999,4999,0,3.6
Infinix,Hot 9,Quetzal Cyan,Infinix Hot 9,4,64,11999,11999,0,4.4
GIONEE,S11 Lite ,Black,GIONEE S11 Lite ,4,32,8690,8690,0,4
Apple,iPhone 13 ,Red,Apple iPhone 13 ,4,512,109900,109900,0,4.2
Apple,iPhone 7 ,Silver,Apple iPhone 7 ,14,256,74400,74400,0,4.5
Apple,iPhone XS ,Space Grey,Apple iPhone XS ,4,64,62999,89900,26901,4.7
OPPO,A7,Glaze Blue,OPPO A7,3,64,10990,16990,6000,4.3
Xiaomi,Redmi Note 7 ,Sapphire Blue,Xiaomi Redmi Note 7 ,3,32,11946,11946,0,4.4
SAMSUNG,M31 Prime ,Ocean Blue,SAMSUNG M31 Prime ,6,64,16000,16000,0,4.3
SAMSUNG,Galaxy A8 Plus ,Black,SAMSUNG Galaxy A8 Plus ,6,64,16860,34000,17140,4.2
vivo,Y95,Nebula Purple,vivo Y95,4,64,20000,20000,0,4.4
Apple,iPhone 11 Pro Max ,Space Grey,Apple iPhone 11 Pro Max ,4,512,150800,150800,0,4.7
Xiaomi,Redmi Note 5 Pro ,Gold,Xiaomi Redmi Note 5 Pro ,6,64,16999,16999,0,4.2
SAMSUNG,Galaxy A5 2016 Edition ,Gold,SAMSUNG Galaxy A5 2016 Edition ,2,16,14490,14490,0,4.1
Infinix,Note 4,Champagne Gold,Infinix Note 4,3,32,8999,8999,0,4.2
Motorola,G6,Indigo Black,Motorola G6,4,64,20000,20000,0,4.2
OPPO,Reno2,Luminous Black,OPPO Reno2,8,256,38990,39990,1000,4.4
LG,G4 ,Metallic Gray,LG G4 ,3,32,25999,25999,0,4
Lenovo,A269i ,Black,Lenovo A269i ,512,512,5499,5499,0,3.7
Lenovo,A6000 Plus ,Red,Lenovo A6000 Plus , ,16,7499,7499,0,4.1
Motorola,One Vision ,Bronze Gradient,Motorola One Vision ,4,128,14999,22999,8000,4.2
Lenovo,Vibe K5 Plus ,Dark Grey,Lenovo Vibe K5 Plus ,3,16,7999,7999,0,4
Apple,iPhone 6s Plus ,Rose Gold,Apple iPhone 6s Plus ,2,64,59999,59999,0,4.4
LG,G4 ,Red,LG G4 ,3,32,35990,35990,0,4
Nokia,5.3,CYAN,Nokia 5.3,4,64,11989,11989,0,3.5
Apple,iPhone 12 Pro Max ,Pacific Blue,Apple iPhone 12 Pro Max ,14,128,119900,119900,0,4.6
Nokia,X2 Dual SIM ,Bright Green,Nokia X2 Dual SIM ,1,4,9999,9999,0,4.2
SAMSUNG,Grand Prime 4G ,Gold,SAMSUNG Grand Prime 4G ,1,8,9833,9833,0,4
vivo,U11,Electric Blue,vivo U11,3,64,11990,11990,0,4.4
vivo,Y12G ,Glacier Blue,vivo Y12G ,4,64,15990,15990,0,4.5
realme,Narzo 30 5G ,Racing Blue,realme Narzo 30 5G ,4,64,14999,15999,1000,4.4
SAMSUNG,Galaxy A20s ,Blue,SAMSUNG Galaxy A20s ,3,32,11599,12900,1301,4.3
OPPO,F5 Youth,Gold,OPPO F5 Youth,3,32,17990,17990,0,4.3
Apple,iPhone SE ,Black,Apple iPhone SE ,2,256,54900,54900,0,4.5
vivo,V23 5G,Sunshine Gold,vivo V23 5G,12,256,34990,37990,3000,4.4
realme,Narzo 50A ,Oxygen Blue,realme Narzo 50A ,4,128,12499,13999,1500,4.3
OPPO,F11,Marble Green,OPPO F11,4,128,13990,21990,8000,4.4
LG,W30 ,Platinum Grey,LG W30 ,3,32,8199,10999,2800,3.9
Infinix,Note 11S Free Fire Edition,Symphony Cyan,Infinix Note 11S Free Fire Edition,8,128,15999,18999,3000,4.3
Google Pixel,2,Just Black,Google Pixel 2,4,128,70000,70000,0,4.6
SAMSUNG,Galaxy Note 5 ,Silver Titanium,SAMSUNG Galaxy Note 5 ,4,64,49990,49990,0,3.9
SAMSUNG,M31 Prime ,IceBerg Blue,SAMSUNG M31 Prime ,6,64,18699,18699,0,4.3
HTC,Desire 616,Dark Grey,HTC Desire 616,1,4,17200,17200,0,3.8
vivo,Y33T,Mirror Black,vivo Y33T,8,128,22990,22990,0,4.9
realme,X2 Pro ,Neptune Blue,realme X2 Pro ,12,256,35999,35999,0,4.6
ASUS,Zenfone GO ,Black,ASUS Zenfone GO ,2,16,8499,8499,0,3.8
Xiaomi,11 Lite NE,Jazz Blue,Xiaomi 11 Lite NE,8,129,25999,25999,0,4.3
Xiaomi,Redmi 8A Dual ,Midnight Grey,Xiaomi Redmi 8A Dual ,3,32,8299,8499,200,4.4
vivo,Y21 ,Midnight Blue,vivo Y21 ,14,64,69990,74990,5000,3.8
Infinix,Smart 3 Plus,Sapphire Cyan,Infinix Smart 3 Plus,2,32,7999,7999,0,4.2
Infinix,S4,Space Grey,Infinix S4,4,64,10999,10999,0,4.3
Xiaomi,Mi 11X ,Cosmic Black,Xiaomi Mi 11X ,8,128,26828,26828,0,4.2
Infinix,Hot 11,Emerald Green,Infinix Hot 11,4,64,9999,11999,2000,4.4
OPPO,A12,Black,OPPO A12,3,32,9490,10990,1500,4.4
Infinix,S4,Space Grey,Infinix S4,3,32,9999,9999,0,4.2
Apple,iPhone 8 ,Red,Apple iPhone 8 ,2,256,81500,81500,0,4.7
Nokia,6,Matte Black,Nokia 6,3,32,13999,13999,0,3.9
ASUS,ROG Phone 3 ,Black,ASUS ROG Phone 3 ,12,256,57999,65999,8000,4.4
Nokia,RM-1172 / Nokia 230 DS,Black,Nokia RM-1172 / Nokia 230 DS,16,256,4196,4196,0,4
SAMSUNG,Galaxy A70s ,Prism Crush White,SAMSUNG Galaxy A70s ,8,128,30500,33100,2600,4.3
HTC,Desire 210,White,HTC Desire 210,512,4,9990,9990,0,3.6
GIONEE,Pioneer P3S ,Gold,GIONEE Pioneer P3S ,1,16,4999,4999,0,3.8
OPPO,F11,Fluorite Purple,OPPO F11,4,128,13990,21990,8000,4.4
LG,W31 Plus ,Midnight Blue,LG W31 Plus ,4,128,10999,10999,0,4.1
OPPO,F1 Plus,Rose Gold,OPPO F1 Plus,4,64,24900,24900,0,4
realme,3,Dynamic Black,realme 3,3,32,8499,10999,2500,4.5
SAMSUNG,Grand Prime ,White,SAMSUNG Grand Prime ,1,8,7992,7992,0,4
OPPO,A5 2020,Dazzling White,OPPO A5 2020,3,64,12990,14990,2000,4.4
HTC,Desire 326G DS,Black Onyx,HTC Desire 326G DS,1,8,9590,9590,0,3.7
HTC,826,White Birch,HTC 826,2,16,27990,27990,0,3.7
SAMSUNG,Galaxy F12 ,Sea Green,SAMSUNG Galaxy F12 ,4,128,12499,13999,1500,4.2
GIONEE,F9 ,Black,GIONEE F9 ,3,32,7900,7900,0,4.2
Apple,iPhone 12 ,Green,Apple iPhone 12 ,4,256,78999,80900,1901,4.6
ASUS,ROG 5s,Phantom Black,ASUS ROG 5s,8,128,49999,55999,6000,4.2
Infinix,Hot 4 Pro,Quartz Black,Infinix Hot 4 Pro,3,16,7499,7499,0,4
HTC,One M8 ,Aer Gold,HTC One M8 ,2,16,59900,59900,0,4.4
SAMSUNG,Galaxy M10S ,Stainless Black,SAMSUNG Galaxy M10S ,3,32,9100,10000,900,4.4
Lenovo,S560 ,Deep Black,Lenovo S560 ,1,8,19999,19999,0,4.1
OPPO,A83,Champagne,OPPO A83,2,16,11000,11000,0,4.2
Motorola,Razr ,Black,Motorola Razr ,6,128,74999,149999,75000,3.8
vivo,Y33s ,Mirror Black,vivo Y33s ,3,64,39990,46990,7000,4.4
SAMSUNG,Galaxy A12 ,Blue,SAMSUNG Galaxy A12 ,6,128,15271,15271,0,3.9
SAMSUNG,Galaxy A72 ,Awesome White,SAMSUNG Galaxy A72 ,8,128,34999,41999,7000,4.3
Nokia,2.3,Cyan Green,Nokia 2.3,2,32,9999,9999,0,4
Infinix,Hot S3X,Tradew Grey,Infinix Hot S3X,3,32,10999,10999,0,4.2
Apple,iPhone 12 Mini ,Green,Apple iPhone 12 Mini ,4,128,61999,64900,2901,4.5
OPPO,Reno 10x Zoom,Jet Black,OPPO Reno 10x Zoom,6,128,38990,41990,3000,4.5
GIONEE,V4S ,Black,GIONEE V4S ,1,8,3499,3499,0,3.5
Motorola,Z2 Force,Super Black,Motorola Z2 Force,6,64,14999,44999,30000,4.1
SAMSUNG,Galaxy J7 Prime ,Gold,SAMSUNG Galaxy J7 Prime ,3,32,16879,16879,0,4.2
SAMSUNG,Galaxy J2 2018 ,Pink,SAMSUNG Galaxy J2 2018 ,2,16,6799,6799,0,4.3
SAMSUNG,Galaxy J8 ,Gold,SAMSUNG Galaxy J8 ,4,64,19500,19500,0,4.4
realme,3,Dynamic Black,realme 3,3,64,9499,11999,2500,4.5
POCO,M2 Pro,Out of Blue,POCO M2 Pro,6,64,14999,19999,5000,4.4
realme,3,Black,realme 3,4,64,10499,12999,2500,4.4
SAMSUNG,Galaxy J8 ,Black,SAMSUNG Galaxy J8 ,4,64,19500,19500,0,4.4
SAMSUNG,Galaxy S9 Plus ,Coral Blue,SAMSUNG Galaxy S9 Plus ,6,128,68900,68900,0,4.5
Apple,iPhone 13 Pro ,Graphite,Apple iPhone 13 Pro ,6,1,169900,169900,0,4.2
Nokia,2.2,Black,Nokia 2.2,2,16,8599,8599,0,4
SAMSUNG,Galaxy S10 Lite ,Prism Blue,SAMSUNG Galaxy S10 Lite ,8,512,45999,51000,5001,4.5
ASUS,ZenFone 5Z ,Midnight Blue,ASUS ZenFone 5Z ,8,256,43999,43999,0,4.5
Lenovo,P770 ,Grey,Lenovo P770 ,1,4,12899,12899,0,4.3
Nokia,5.1 Plus ,Blue,Nokia 5.1 Plus ,6,64,9900,15990,6090,3.7
Nokia,XR 20,Grey ,Nokia XR 20,6,128,46988,46988,0,4.3
SAMSUNG,Galaxy S5 ,Copper Gold,SAMSUNG Galaxy S5 ,2,16,21999,21999,0,3.9
Apple,iPhone 11 Pro Max ,Gold,Apple iPhone 11 Pro Max ,4,64,117100,117100,0,4.7
SAMSUNG,M02s ,Black,SAMSUNG M02s ,4,64,11499,11499,0,4.1
Motorola,G5s,Lunar Gray,Motorola G5s,4,32,7350,7350,0,4.1
Apple,iPhone 13 Mini ,Pink,Apple iPhone 13 Mini ,4,128,69900,69900,0,4.2
OPPO,F7,Black,OPPO F7,4,64,22990,22990,0,4.4
OPPO,A53s 5G,Crystal Blue,OPPO A53s 5G,6,128,15990,16990,1000,4.3
POCO,C31,Royal Blue,POCO C31,3,32,7999,10999,3000,4.4
ASUS,Zenfone C ,Black,ASUS Zenfone C ,1,8,6299,6299,0,3.8
Nokia,5.4,Dusk,Nokia 5.4,4,64,12999,16799,3800,3.9
Nokia,3.2,Steel,Nokia 3.2,3,32,12399,12399,0,4.1
Nokia,3,Tempered Blue,Nokia 3,2,16,10899,10899,0,3.9
SAMSUNG,Galaxy S21 Ultra ,Phantom Black,SAMSUNG Galaxy S21 Ultra ,12,256,105999,128999,23000,4.5
realme,6 Pro ,Lightning Blue,realme 6 Pro ,6,128,18999,18999,0,4.4
realme,9i,Prism Blue,realme 9i,4,64,13999,15999,2000,4.5
SAMSUNG,M52 5G,Sky Blue,SAMSUNG M52 5G,8,128,20350,22595,2245,4.2
SAMSUNG,Galaxy M02 ,Blue,SAMSUNG Galaxy M02 ,2,32,8299,8499,200,4
Infinix,Note 11S,Symphony Cyan,Infinix Note 11S,6,64,13999,16999,3000,4.3
vivo,Y30 ,Emerald Black,vivo Y30 ,8,128,13990,18990,5000,4.4
Lenovo,A6 Note ,Blue,Lenovo A6 Note ,3,32,9999,9999,0,4.2
realme,C25s ,Watery Grey,realme C25s ,4,64,10999,10999,0,4.4
realme,1,Moonlight Silver,realme 1,6,128,10990,14990,4000,4.3
realme,Narzo 30A ,Laser Black,realme Narzo 30A ,4,89,10499,10999,500,4.3
Nokia,8,Polished Blue,Nokia 8,4,64,36999,36999,0,4
SAMSUNG,Galaxy Z Fold3 5G ,Phantom Silver,SAMSUNG Galaxy Z Fold3 5G ,12,256,149999,171999,22000,4.4
Infinix,Smart 2,Serene Gold,Infinix Smart 2,3,32,7946,7999,53,4.1
SAMSUNG,Galaxy A8 Star ,Black,SAMSUNG Galaxy A8 Star ,6,64,16989,37990,21001,4.3
realme,C25Y ,Metal Grey,realme C25Y ,4,64,10999,12999,2000,4.5
realme,8s 5G ,Universe Purple,realme 8s 5G ,6,128,17999,20999,3000,4.5
SAMSUNG,Guru Music 2,Black,SAMSUNG Guru Music 2,14,2,1625,1625,0,4.3
realme,1,Diamond Black,realme 1,6,89,10999,14990,3991,4.3
Apple,iPhone 13 Pro Max,Alpine Green,Apple iPhone 13 Pro Max,4,512,159900,159900,0,4.7
Xiaomi,11i 5G,Stealth Black,Xiaomi 11i 5G,8,128,28999,33999,5000,4.3
SAMSUNG,Metro 313,Black,SAMSUNG Metro 313,2,2,2200,2200,0,4.1
SAMSUNG,Galaxy A30s ,Prism Crush Black,SAMSUNG Galaxy A30s ,4,64,18900,18900,0,4.3
Apple,iPhone 12 Mini ,Blue,Apple iPhone 12 Mini ,4,256,71999,84900,12901,4.5
SAMSUNG,Galaxy M02 ,Grey,SAMSUNG Galaxy M02 ,3,32,8850,9998,1148,4
SAMSUNG,Galaxy S10 Lite ,Prism Black,SAMSUNG Galaxy S10 Lite ,8,512,49999,49999,0,4.5
OPPO,A31,Mystery Black,OPPO A31,6,128,13799,13799,0,4.3
Apple,iPhone 7 ,Gold,Apple iPhone 7 ,2,32,24999,31500,6501,4.5
OPPO,F7,Black,OPPO F7,6,128,27990,27990,0,4.5
vivo,T1 5G,Rainbow Fantasy,vivo T1 5G,8,128,19990,23990,4000,4.2
LG,G4 Stylus 4G LTE ,Titan,LG G4 Stylus 4G LTE ,1,16,7000,14990,7990,3.6
SAMSUNG,Galaxy J5 ,White,SAMSUNG Galaxy J5 ,1.5,8,11390,11390,0,4.3
SAMSUNG,Galaxy S3 Neo ,Marble White,SAMSUNG Galaxy S3 Neo ,1.5,16,13499,13500,1,4.3
SAMSUNG,Galaxy A31 ,Prism Crush Blue,SAMSUNG Galaxy A31 ,6,128,16999,23999,7000,4.3
SAMSUNG,Galaxy A3 ,Midnight Black,SAMSUNG Galaxy A3 ,1,16,9999,9999,0,4
Google Pixel,3,Not Pink,Google Pixel 3,4,64,71000,71000,0,4.5
Infinix,Smart HD 2021,Quartz Green,Infinix Smart HD 2021,2,32,7990,7990,0,4.3
Motorola,C Plus,Fine Gold,Motorola C Plus,2,16,6999,6999,0,4.2
SAMSUNG,Galaxy J6 ,Blue,SAMSUNG Galaxy J6 ,4,64,9490,17108,7618,4.5
vivo,U10,Thunder Black,vivo U10,3,32,10990,10990,0,4.4
Nokia,225,Black,Nokia 225,8,32,3499,3499,0,4
Nokia,Asha 206,Black,Nokia Asha 206,32,64,4300,4300,0,3.8
Xiaomi,Mi 11X ,Cosmic Black,Xiaomi Mi 11X ,6,128,24283,28700,4417,4.4
Xiaomi,Mi 11X ,Celestial Silver,Xiaomi Mi 11X ,6,128,24744,25990,1246,4.2
SAMSUNG,Guru FM Plus,Black,SAMSUNG Guru FM Plus,128,2,1450,1450,0,4.2
vivo,Y20G ,Purist Blue,vivo Y20G ,2,32,49990,54990,5000,4.2
vivo,Y71i,Gold,vivo Y71i,2,16,8990,8990,0,4.3
POCO,M3 ,Power Black,POCO M3 ,4,64,10999,11999,1000,4.3
ASUS,Zenfone Selfie ,Red,ASUS Zenfone Selfie ,2,16,15999,15999,0,3.9
ASUS,6Z ,Black,ASUS 6Z ,8,256,43999,43999,0,4.3
Motorola,G8 Power Lite ,Royal Blue,Motorola G8 Power Lite ,4,64,9999,9999,0,4.3
Apple,iPhone 13 Pro Max,Sierra Blue,Apple iPhone 13 Pro Max,4,1,179900,179900,0,4.7
SAMSUNG,Galaxy On7 ,Gold,SAMSUNG Galaxy On7 ,1.5,8,8490,8490,0,4.2
SAMSUNG,Galaxy On Nxt ,Black,SAMSUNG Galaxy On Nxt ,3,16,11200,11200,0,4.3
LG,G4 ,Genuine Leather Brown,LG G4 ,3,32,30600,30600,0,4
Nokia,3.2,Black,Nokia 3.2,2,16,9999,9999,0,3.8
Lenovo,K6 Note ,Gold,Lenovo K6 Note ,3,32,6250,6250,0,4.1
Motorola,E7 Power ,Tahiti Blue,Motorola E7 Power ,4,64,8799,11999,3200,4.1
GIONEE,P5 Mini ,Red,GIONEE P5 Mini ,1,8,3990,3990,0,3.8
Nokia,3.4,Fjord,Nokia 3.4,4,64,11999,13999,2000,3.9
Xiaomi,Redmi Note 7 Pro ,Space Black,Xiaomi Redmi Note 7 Pro ,4,64,13499,14500,1001,4.5
SAMSUNG,Galaxy Note 8 ,Maple Gold,SAMSUNG Galaxy Note 8 ,6,64,35990,74000,38010,4.6
POCO,M3 Pro 5G ,Yellow,POCO M3 Pro 5G ,6,128,16499,17999,1500,4.2
OPPO,F19 Pro+ 5G,Space Silver,OPPO F19 Pro+ 5G,8,128,25990,29990,4000,4.3
GIONEE,Pioneer P4S ,Black,GIONEE Pioneer P4S ,1,8,3999,3999,0,3.5
Apple,iPhone 13 Pro Max,Graphite,Apple iPhone 13 Pro Max,4,1,179900,179900,0,4.7
Apple,iPhone 7 Plus ,Black,Apple iPhone 7 Plus ,3,128,42900,42900,0,4.5
SAMSUNG,Galaxy A12 ,Black,SAMSUNG Galaxy A12 ,6,128,15843,17480,1637,3.9
vivo,Y72 5G ,Prism Magic,vivo Y72 5G ,4,64,19990,24990,5000,4.4
Motorola,E7 Plus ,Twilight Orange,Motorola E7 Plus ,4,64,8999,12999,4000,4.2
realme,Narzo 50A ,Oxygen Green,realme Narzo 50A ,4,128,12499,13999,1500,4.3
Apple,iPhone 13 Pro ,Silver,Apple iPhone 13 Pro ,6,256,129900,129900,0,4.2
realme,8,Cyber Silver,realme 8,6,128,16999,17999,1000,4.3
HTC,One E9+,Gold and Silver,HTC One E9+,3,32,53900,53900,0,4.1
HTC,Desire 816G,Blue,HTC Desire 816G,1,16,21999,21999,0,4
SAMSUNG,Galaxy S10 Lite ,Prism Black,SAMSUNG Galaxy S10 Lite ,8,128,40999,43999,3000,4.5
SAMSUNG,Galaxy On8 ,Blue,SAMSUNG Galaxy On8 ,4,64,19990,19990,0,4.4
Apple,iPhone 6s Plus ,Rose Gold,Apple iPhone 6s Plus ,2,32,34900,34900,0,4.4
GIONEE,Marathon M5 Plus ,Polar Gold,GIONEE Marathon M5 Plus ,3,64,8499,28099,19600,4.1
Xiaomi,Mi A2 ,Gold,Xiaomi Mi A2 ,4,64,12499,12499,0,4.4
Apple,iPhone 7 ,Red,Apple iPhone 7 ,2,128,34900,34900,0,4.5
SAMSUNG,Galaxy F02s ,Diamond Blue,SAMSUNG Galaxy F02s ,4,64,10499,11499,1000,4.2
Xiaomi,Redmi Note 9 Pro ,Champagne Gold,Xiaomi Redmi Note 9 Pro ,6,128,18499,18999,500,4.3
Apple,iPhone 13 Pro Max,Gold,Apple iPhone 13 Pro Max,4,1,179900,179900,0,4.7
SAMSUNG,Z1 ,White,SAMSUNG Z1 ,768,4,3990,3990,0,3.5
Apple,iPhone 13 Pro ,Silver,Apple iPhone 13 Pro ,6,1,169900,169900,0,4.2
Xiaomi,Mi A2 ,Gold,Xiaomi Mi A2 ,6,128,14398,14398,0,4.3
SAMSUNG,Galaxy A7 2016 Edition ,Gold,SAMSUNG Galaxy A7 2016 Edition ,3,16,17490,17490,0,4.1
Xiaomi,Redmi 7A ,Matte Gold,Xiaomi Redmi 7A ,2,16,6499,6499,0,4.5
ASUS,Zenfone Go 4.5 LTE ,Silver Blue,ASUS Zenfone Go 4.5 LTE ,1,8,4890,4890,0,3.6
SAMSUNG,Galaxy S6 ,Black Sapphire,SAMSUNG Galaxy S6 ,3,32,33900,33900,0,4
OPPO,Reno 10x Zoom,Ocean Green,OPPO Reno 10x Zoom,6,128,38990,41990,3000,4.5
Xiaomi,Redmi 7 ,Eclipse Black,Xiaomi Redmi 7 ,2,32,9490,9490,0,4.3
Nokia,Asha 502 ,Yellow,Nokia Asha 502 ,64,32,3799,3799,0,3.6
OPPO,A83,Red,OPPO A83,4,64,13990,13990,0,4.3
SAMSUNG,Galaxy A50 ,Black,SAMSUNG Galaxy A50 ,4,64,21000,21000,0,4.3
GIONEE,Max ,Red,GIONEE Max ,2,32,6299,7990,1691,4.1
SAMSUNG,Galaxy S6 Edge+ ,Silver Titanium,SAMSUNG Galaxy S6 Edge+ ,4,32,34999,34999,0,4.2
OPPO,A5s,Blue,OPPO A5s,4,64,10990,15990,5000,4.4
LG,W30 Pro ,Midnight Blue,LG W30 Pro ,4,64,13775,14500,725,3.8
Motorola,Razr 5G ,Polished Graphite,Motorola Razr 5G ,8,256,89999,149999,60000,4
IQOO,3,Tornado Black,IQOO 3,8,256,37990,40990,3000,4.4
SAMSUNG,M52 5G,Icy Blue,SAMSUNG M52 5G,6,128,25489,28449,2960,4.3
SAMSUNG,Galaxy A8 Star ,White,SAMSUNG Galaxy A8 Star ,6,64,18990,18990,0,4.3
SAMSUNG,Galaxy Note 20 Ultra 5G ,Mystic Black,SAMSUNG Galaxy Note 20 Ultra 5G ,12,256,91999,116000,24001,4.5
realme,Narzo 50i ,Mint Green,realme Narzo 50i ,4,64,8999,9999,1000,4.3
GIONEE,F205 Pro ,Champagne,GIONEE F205 Pro ,2,16,6990,6990,0,4.1
Apple,iPhone 6s Plus ,Gold,Apple iPhone 6s Plus ,2,64,59999,59999,0,4.4
SAMSUNG,Galaxy S9 ,Midnight Black,SAMSUNG Galaxy S9 ,4,128,61900,61900,0,4.4
SAMSUNG,Galaxy Note 20 ,Mystic Bronze,SAMSUNG Galaxy Note 20 ,8,256,77999,86000,8001,4.3
GIONEE,S6 ,Gold,GIONEE S6 ,3,32,7999,20924,12925,3.8
Xiaomi,REDMI Note 10S ,Deep Sea Blue,Xiaomi REDMI Note 10S ,6,128,17995,18950,955,4.3
vivo,Y20G ,Obsidian Black,vivo Y20G ,6,128,13400,13400,0,4.3
SAMSUNG,Galaxy J6 ,Blue,SAMSUNG Galaxy J6 ,3,32,12990,12990,0,4.4
POCO,F1,Rosso Red,POCO F1,6,128,24999,24999,0,4.5
SAMSUNG,Galaxy F23 5G,Forest Green,SAMSUNG Galaxy F23 5G,6,128,16999,23999,7000,4
vivo,V20 2021 ,Sunset Melody,vivo V20 2021 ,12,256,15490,19490,4000,4.4
GIONEE,M7 Power ,Gold,GIONEE M7 Power ,4,64,15399,15399,0,4.1
Nokia,G20 ,Night,Nokia G20 ,4,64,14490,14490,0,4.2
HTC,U11,Brilliant Black,HTC U11,6,128,53990,53990,0,4.6
ASUS,ZenFone Max Pro M2 ,Titanium,ASUS ZenFone Max Pro M2 ,6,64,19999,19999,0,4.3
Apple,iPhone X ,Silver,Apple iPhone X ,3,256,106900,106900,0,4.6
SAMSUNG,Galaxy A03s ,Black,SAMSUNG Galaxy A03s ,3,32,11499,13499,2000,4
OPPO,Reno3 Pro,Sky White,OPPO Reno3 Pro,8,256,27990,35990,8000,4.4
Lenovo,Vibe S1 ,Dark Blue,Lenovo Vibe S1 ,3,32,13490,13490,0,4.2
Lenovo,K8 Note ,Venom Black,Lenovo K8 Note ,3,32,7819,7819,0,4.1
SAMSUNG,Galaxy F41 ,Fusion Blue,SAMSUNG Galaxy F41 ,6,64,15999,19999,4000,4.3
realme,C25 ,Watery Grey,realme C25 ,4,128,10999,11999,1000,4.4
Xiaomi,Redmi 9A ,Sea Blue,Xiaomi Redmi 9A ,3,32,8498,8525,27,4.1
Nokia,6.1,Gold,Nokia 6.1,4,32,9500,9500,0,4
OPPO,Reno 10x Zoom,Jet Black,OPPO Reno 10x Zoom,8,256,41990,55990,14000,4.4
Infinix,Hot 10S,Morandi Green,Infinix Hot 10S,6,64,10999,13999,3000,4.3
SAMSUNG,Galaxy J6 Plus ,Red,SAMSUNG Galaxy J6 Plus ,4,64,13600,13600,0,4.3
OPPO,F9 Pro,Starry purple,OPPO F9 Pro,6,128,21990,27990,6000,4.5
OPPO,A83 2018 Edition,Blue,OPPO A83 2018 Edition,4,64,15000,15000,0,4.3
LG,Velvet ,AURORA SILVER,LG Velvet ,6,128,29999,29999,0,4.2
Apple,iPhone 6s ,Rose Gold,Apple iPhone 6s ,2,32,25299,29900,4601,4.5
Apple,iPhone 12 ,White,Apple iPhone 12 ,4,256,78999,80900,1901,4.6
Nokia,6.1,Iron,Nokia 6.1,3,32,17979,17979,0,4.2
Nokia,5.1 Plus ,White,Nokia 5.1 Plus ,3,32,13199,13199,0,4.3
Google Pixel,3 XL ,Not Pink,Google Pixel 3 XL ,4,64,83000,83000,0,4.6
SAMSUNG,Galaxy J4 Plus ,Black,SAMSUNG Galaxy J4 Plus ,2,32,9000,9000,0,4.3
SAMSUNG,Galaxy A51 ,Prism Crush Black,SAMSUNG Galaxy A51 ,6,128,20999,25999,5000,4.3
OPPO,F11 Pro,Waterfall Grey,OPPO F11 Pro,6,128,14990,29990,15000,4.5
SAMSUNG,Galaxy S21 Plus ,Phantom Black,SAMSUNG Galaxy S21 Plus ,8,256,75999,104999,29000,4.4
Nokia,6.1,White,Nokia 6.1,4,64,12499,16990,4491,4
SAMSUNG,Galaxy Star Advance ,White,SAMSUNG Galaxy Star Advance ,512,4,5499,5499,0,3.8
OPPO,F9,Stellar Purple,OPPO F9,4,64,17890,21990,4100,4.5
GIONEE,F205 ,Black and Gold,GIONEE F205 ,2,16,8479,8479,0,4
GIONEE,P5L ,Yellow,GIONEE P5L ,1,16,3990,7999,4009,3.7
POCO,M3 Pro 5G ,Cool Blue,POCO M3 Pro 5G ,6,128,16499,17999,1500,4.2
Lenovo,A6000 Plus ,Black,Lenovo A6000 Plus ,2,16,7499,7499,0,4.1
Nokia,C3 ,Nordic Blue,Nokia C3 ,3,32,7499,9999,2500,3.8
LG,Q6 ,Gold,LG Q6 ,3,32,16990,16990,0,4
Apple,iPhone 12 ,Black,Apple iPhone 12 ,4,128,68999,70900,1901,4.6
Apple,iPhone 13 Pro Max,Silver,Apple iPhone 13 Pro Max,4,1,179900,179900,0,4.7
realme,X2 ,Pearl Blue,realme X2 ,8,256,24999,24999,0,4.5
SAMSUNG,Galaxy Note 5 ,Silver Titanium,SAMSUNG Galaxy Note 5 ,4,32,46300,46300,0,4.1
realme,Narzo 30A ,Laser Blue,realme Narzo 30A ,3,32,8999,9999,1000,4.3
ASUS,Zenfone Live ,Pink,ASUS Zenfone Live ,2,16,7999,7999,0,4
GIONEE,Pioneer P3 ,White,GIONEE Pioneer P3 ,512,4,2350,7996,5646,3.6
Lenovo,Vibe K5 Plus ,Silver,Lenovo Vibe K5 Plus ,3,16,8499,8499,0,4
Nokia,2.2,Steel,Nokia 2.2,3,32,9599,9599,0,4
Apple,iPhone XS Max ,Space Grey,Apple iPhone XS Max ,4,256,78999,124900,45901,4.6
Xiaomi,Redmi 6 Pro ,Red,Xiaomi Redmi 6 Pro ,3,32,9990,9990,0,4.5
realme,C11 ,Rich Grey,realme C11 ,2,32,7499,8999,1500,4.4
Apple,iPhone 12 Pro ,Graphite,Apple iPhone 12 Pro ,6,512,139900,139900,0,4.6
GIONEE,Max Pro ,Red,GIONEE Max Pro ,3,32,7299,9999,2700,3.8
vivo,V9 Youth,Black,vivo V9 Youth,4,32,19899,19990,91,4.4
SAMSUNG,Galaxy M30 ,Gradation Black,SAMSUNG Galaxy M30 ,4,64,13589,16490,2901,4.4
realme,3,Radiant Blue,realme 3,3,64,9499,11999,2500,4.5
Xiaomi,Mi 11X Pro 5G ,Cosmic Black,Xiaomi Mi 11X Pro 5G ,8,128,39999,39999,0,4.4
SAMSUNG,Galaxy A70s ,Prism Crush Black,SAMSUNG Galaxy A70s ,8,128,30500,33100,2600,4.3
Xiaomi,11 Lite NE,Jazz Blue,Xiaomi 11 Lite NE,8,128,25684,25684,0,4.3
Apple,iPhone 7 Plus ,Rose Gold,Apple iPhone 7 Plus ,3,256,85400,85400,0,4.5
SAMSUNG,Fold 2 5G ,Black,SAMSUNG Fold 2 5G ,12,256,169999,169999,0,4.2
Apple,iPhone XS ,Silver,Apple iPhone XS ,4,64,62999,89900,26901,4.7
Infinix,Note 10 Pro,Nordic Secret,Infinix Note 10 Pro,8,256,16999,19999,3000,4.2
Nokia,6.2,Black,Nokia 6.2,4,64,12849,18999,6150,4.2
HTC,Wildfire X ,Blue,HTC Wildfire X ,4,128,17999,17999,0,3.9
GIONEE,F103 ,Pearl White,GIONEE F103 ,2,16,4489,9999,5510,4
Apple,iPhone 6s Plus ,Silver,Apple iPhone 6s Plus ,2,32,34900,34900,0,4.4
Motorola,One Action ,Denim Blue,Motorola One Action ,4,128,10999,16999,6000,4.2
vivo,V7  ,Energetic Blue,vivo V7  ,4,32,15990,15990,0,4.4
realme,X3 SuperZoom ,Arctic White,realme X3 SuperZoom ,8,256,29999,31999,2000,4.3
LG,K-7 ,Titan,LG K-7 ,1.5,8,6590,6590,0,4.1
LG,W11 ,Black,LG W11 ,3,32,7690,7799,109,4
SAMSUNG,Galaxy A7 ,Black,SAMSUNG Galaxy A7 ,6,128,24600,24600,0,4.4
Motorola,G7 Power,Ceramic Black,Motorola G7 Power,4,64,15999,15999,0,4.3
realme,X2 ,Pearl Green,realme X2 ,8,128,20999,20999,0,4.5
SAMSUNG,Galaxy J2 Core ,Blue,SAMSUNG Galaxy J2 Core ,1,8,6500,6500,0,4.2
Nokia,6.1,Gold,Nokia 6.1,4,64,18300,18300,0,4
GIONEE,S6 ,Rose Gold,GIONEE S6 ,3,32,6600,6600,0,3.8
POCO,M2  ,Brick Red,POCO M2  ,6,64,10499,12999,2500,4.4
HTC,Desire 816  ,White  ,HTC Desire 816  ,1.5,8,27390,27390,0,4.1
Nokia,6310,Black,Nokia 6310,8,16,4189,4189,0,4.2
Nokia,105,Black,Nokia 105,32,2,1344,1344,0,4.1
Xiaomi,Mi 10T ,Cosmic Black,Xiaomi Mi 10T ,6,128,32999,39999,7000,4.2
realme,X3 SuperZoom ,Arctic White,realme X3 SuperZoom ,12,256,32999,34999,2000,4.2
Nokia,7 Plus ,White & Copper,Nokia 7 Plus ,4,64,15999,15999,0,4.3
ASUS,Zenfone Selfie ,Grey,ASUS Zenfone Selfie ,3,32,17999,17999,0,4
realme,5 Pro ,Sparkling Blue,realme 5 Pro ,8,128,16999,17999,1000,4.5
Apple,iPhone 6 ,Space Grey,Apple iPhone 6 ,1,64,44999,44999,0,4.4
Xiaomi,Mi 10i ,Midnight Black,Xiaomi Mi 10i ,6,128,22950,24198,1248,4.3
realme,C35,Glowing Black,realme C35,4,128,12999,14999,2000,4.5
SAMSUNG,Galaxy A8 ,White,SAMSUNG Galaxy A8 ,2,32,33500,33500,0,4.2
Xiaomi,Mi 10 ,Coral Green,Xiaomi Mi 10 ,8,256,54999,59999,5000,4.2
GIONEE,Marathon M5 lite CDMA ,Gold,GIONEE Marathon M5 lite CDMA ,3,32,13649,13649,0,3.9
HTC,Desire 630,Sprinkle White,HTC Desire 630,2,16,12570,12570,0,3.8
realme,C12 ,Power Silver,realme C12 ,3,32,8999,10999,2000,4.4
Infinix,Smart 3 Plus,Mocha Brown,Infinix Smart 3 Plus,2,32,7999,7999,0,4.2
Nokia,C3 ,Sand,Nokia C3 ,2,16,7299,7299,0,3.7
Nokia,6.1,White,Nokia 6.1,4,32,17000,17000,0,4
Google Pixel,3 XL ,Clearly White,Google Pixel 3 XL ,4,128,92000,92000,0,4.6
Apple,iPhone 7 Plus ,Gold,Apple iPhone 7 Plus ,3,32,36999,37900,901,4.5
Xiaomi,REDMI 9 Power ,Blazing Blue,Xiaomi REDMI 9 Power ,6,128,13499,16999,3500,4.2
SAMSUNG,Galaxy Core ,Chic White,SAMSUNG Galaxy Core ,1,8,14700,14700,0,4
LG,Stylus 2 ,Brown,LG Stylus 2 ,2,16,9999,9999,0,4.1
GIONEE,P5L ,Gold,GIONEE P5L ,1,16,4290,4290,0,3.7
OPPO,A71k,Blue,OPPO A71k,3,16,10990,10990,0,4.4
realme,GT 5G ,Dashing Blue,realme GT 5G ,8,128,37999,40999,3000,4.3
Motorola,G5,Lunar Grey,Motorola G5,3,16,5450,5450,0,4.2
SAMSUNG,Galaxy Star 2 ,White,SAMSUNG Galaxy Star 2 ,512,4,4890,4890,0,3.9
Infinix,Note 5,Milan Black,Infinix Note 5,4,64,12999,12999,0,4.2
Infinix,Smart 5A,Quetzal Cyan,Infinix Smart 5A,2,32,7199,7999,800,4.4
Apple,iPhone 11 Pro Max ,Gold,Apple iPhone 11 Pro Max ,4,256,131900,131900,0,4.7
SAMSUNG,Galaxy S21 ,Phantom White,SAMSUNG Galaxy S21 ,8,128,69999,83999,14000,4.3
Infinix,Note 10,Emerald Green,Infinix Note 10,6,128,12499,14999,2500,4.2
OPPO,F19 Pro,Crystal Silver,OPPO F19 Pro,8,128,21990,23990,2000,4.3
SAMSUNG,Galaxy Core 2 ,Black,SAMSUNG Galaxy Core 2 ,768,4,5920,5920,0,3.9
GIONEE,L700,Black,GIONEE L700,8,16,1099,1099,0,3.9
Infinix,Hot S3,Sandstone Black,Infinix Hot S3,4,64,11999,11999,0,4.1
realme,C15 Qualcomm Edition ,Power Silver,realme C15 Qualcomm Edition ,4,64,12999,12999,0,4.4
Motorola,G6 Plus ,Indigo Black,Motorola G6 Plus ,6,64,11829,11829,0,4.3
OPPO,A37f,Black,OPPO A37f,2,16,9990,9990,0,4.2
Xiaomi,Redmi Note 7 Pro ,Nebula Red,Xiaomi Redmi Note 7 Pro ,4,64,14999,14999,0,4.3
SAMSUNG,Galaxy E5 ,White,SAMSUNG Galaxy E5 ,1.5,16,8490,8490,0,4.2
vivo,V21e ,Dark Pearl,vivo V21e ,6,64,19990,24990,5000,4.5
realme,8 5G ,Supersonic Blue,realme 8 5G ,4,128,16499,16999,500,4.3
Xiaomi,Redmi Y2 ,Blue,Xiaomi Redmi Y2 ,4,64,10999,10999,0,4.3
Apple,iPhone 12 ,Green,Apple iPhone 12 ,4,64,63999,65900,1901,4.6
Infinix,Hot 10S,Purple,Infinix Hot 10S,6,64,10999,13999,3000,4.3
Infinix,Note 5 Stylus,Bordeaux Red ,Infinix Note 5 Stylus,4,64,16999,16999,0,3.9
SAMSUNG,Galaxy Note 3 ,Classic White,SAMSUNG Galaxy Note 3 ,3,32,50650,50650,0,4.2
realme,C15 Qualcomm Edition ,Power Blue,realme C15 Qualcomm Edition ,4,64,12999,12999,0,4.4
Apple,iPhone SE ,Red,Apple iPhone SE ,2,256,54900,54900,0,4.5
realme,Narzo 10A ,So Blue,realme Narzo 10A ,3,32,8999,9999,1000,4.5
ASUS,Zenfone Go ,Gold,ASUS Zenfone Go ,1,8,4649,4649,0,3.8
OPPO,Reno3 Pro,Auroral Blue,OPPO Reno3 Pro,8,128,24989,24989,0,4.4
Nokia,7.1,Blue,Nokia 7.1,4,64,11199,11199,0,4.1
Nokia,2.1,Blue & Silver,Nokia 2.1,1,8,7712,7712,0,4
realme,X ,Space Blue,realme X ,4,128,17999,17999,0,4.5
Lenovo,Vibe K5 Plus ,Silver,Lenovo Vibe K5 Plus ,2,16,8499,8499,0,4
Apple,iPhone XS Max ,Gold,Apple iPhone XS Max ,4,512,144900,144900,0,4.6
SAMSUNG,Galaxy J7 Duo ,Blue,SAMSUNG Galaxy J7 Duo ,4,32,17990,17990,0,4.3
SAMSUNG,Galaxy M20 ,Ocean Blue,SAMSUNG Galaxy M20 ,3,32,10990,11290,300,4.3
HTC,Desire 820,Santorini White,HTC Desire 820,2,16,25999,25999,0,4
vivo,X60 ,Midnight Black,vivo X60 ,8,128,13990,16990,3000,4.3
Xiaomi,Redmi Note 7S ,Sapphire Blue,Xiaomi Redmi Note 7S ,4,64,13500,13500,0,4.3
Nokia,3.1,Black,Nokia 3.1,2,16,10000,10000,0,3.9
realme,C2 ,Diamond Blue,realme C2 ,2,16,6499,6999,500,4.4
Nokia,Asha 503 ,White,Nokia Asha 503 ,512,32,7399,7399,0,3.8
Apple,iPhone XR ,Blue,Apple iPhone XR ,3,64,42999,47900,4901,4.6
realme,X7 5G ,Space Silver,realme X7 5G ,6,128,19999,21999,2000,4.3
Apple,iPhone 13 Pro ,Sierra Blue,Apple iPhone 13 Pro ,6,256,129900,129900,0,4.2
SAMSUNG,Galaxy A7 2016 Edition ,Gold,SAMSUNG Galaxy A7 2016 Edition ,3,16,17490,17490,0,4.1
SAMSUNG,Guru Music 2,Black,SAMSUNG Guru Music 2,14,2,1450,1450,0,4.3
Nokia,3.1,Black,Nokia 3.1,3,32,6990,6990,0,4
SAMSUNG,Galaxy F42 5G ,Matte Aqua,SAMSUNG Galaxy F42 5G ,6,128,20999,23999,3000,4.1
SAMSUNG,Galaxy M10 ,Ocean Blue,SAMSUNG Galaxy M10 ,2,16,8190,8190,0,4.3
LG,Velvet Dual Screen ,Aurora Silver,LG Velvet Dual Screen ,6,128,44990,55000,10010,4.4
Nokia,1,Warm Red,Nokia 1,1,8,4672,4672,0,3.9
Apple,iPhone 6s Plus ,Space Grey,Apple iPhone 6s Plus ,2,32,34900,34900,0,4.4
SAMSUNG,Galaxy M11 ,Metallic Blue,SAMSUNG Galaxy M11 ,4,64,12499,12800,301,4.3
SAMSUNG,M52 5G,Blazing Black,SAMSUNG M52 5G,8,128,27839,31889,4050,4.3
OPPO,A83,Red,OPPO A83,2,16,9990,9990,0,4.2
Apple,iPhone 7 ,Black,Apple iPhone 7 ,2,128,34900,34900,0,4.5
Xiaomi,11 Lite NE,Jazz Blue,Xiaomi 11 Lite NE,6,128,23990,23990,0,4.3
SAMSUNG,Galaxy S21 SE 5G,Graphite,SAMSUNG Galaxy S21 SE 5G,8,128,54990,54990,0,4.3
SAMSUNG,Guru GT,Black,SAMSUNG Guru GT,153,153,1549,1549,0,4.1
ASUS,ZenFone Max M1 ,Black,ASUS ZenFone Max M1 ,4,64,9599,9599,0,4
realme,C25s ,Watery Grey,realme C25s ,4,128,11999,11999,0,4.4
realme,2,Diamond Black,realme 2,3,89,9990,9990,0,4.5
Apple,iPhone 8 Plus ,Silver,Apple iPhone 8 Plus ,3,64,49900,49900,0,4.6
realme,Narzo 50i ,Carbon Black,realme Narzo 50i ,2,32,7499,7999,500,4.3
vivo,Y33T,Midday Dream,vivo Y33T,8,128,18990,22990,4000,3.9
SAMSUNG,Galaxy M12 ,Black,SAMSUNG Galaxy M12 ,6,128,13984,15499,1515,4.2
Apple,iPhone SE ,White,Apple iPhone SE ,2,128,44900,44900,0,4.5
Motorola,E6s,Rich Cranberry,Motorola E6s,4,64,7999,9999,2000,4.1
realme,X7 Max,Milkyway Grey,realme X7 Max,12,256,29999,32999,3000,4.3
realme,C2 ,Diamond Black,realme C2 ,2,32,6999,7999,1000,4.4
SAMSUNG,Galaxy A52 ,Awesome Black,SAMSUNG Galaxy A52 ,6,128,27499,30499,3000,4.3
ASUS,Zenfone Zoom ,White,ASUS Zenfone Zoom ,4,64,37999,37999,0,3.6
Xiaomi,Redmi 8 ,Onyx Black,Xiaomi Redmi 8 ,4,64,10999,10999,0,4.3
HTC,Desire 326G DS,White Birch,HTC Desire 326G DS,1,8,9590,9590,0,3.7
SAMSUNG,Galaxy A22 ,Mint,SAMSUNG Galaxy A22 ,6,128,18499,20499,2000,4.3
SAMSUNG,Galaxy A32 ,Awesome Black,SAMSUNG Galaxy A32 ,8,128,22930,26990,4060,4.4
POCO,M2 Pro,Green and Greener,POCO M2 Pro,6,64,14999,16999,2000,4.3
SAMSUNG,Galaxy A20s ,Green,SAMSUNG Galaxy A20s ,3,32,11599,12900,1301,4.3
GIONEE,M7 Power ,Black,GIONEE M7 Power ,4,64,7899,7899,0,4.1
realme,Narzo 30 ,Racing Blue,realme Narzo 30 ,6,128,15499,16999,1500,4.3
SAMSUNG,Galaxy A20 ,Red,SAMSUNG Galaxy A20 ,3,32,12900,12900,0,4.3
OPPO,A54,Crystal Black,OPPO A54,6,128,16990,17990,1000,4.3
GIONEE,Marathon M5 Lite ,Gold,GIONEE Marathon M5 Lite ,3,32,5990,5990,0,3.8
realme,1,Solar Red,realme 1,6,128,12799,12799,0,4.3
Lenovo,ZUK Z1 ,Space Grey,Lenovo ZUK Z1 ,3,64,7499,13499,6000,3.4
SAMSUNG,Galaxy J7 - 6 New 2016 Edition) ,Gold,SAMSUNG Galaxy J7 - 6 New 2016 Edition) ,2,16,13800,13800,0,4.3
Motorola,E 2nd Gen 3G ,White,Motorola E 2nd Gen 3G ,1,8,5999,5999,0,4.1
Apple,iPhone X ,Silver,Apple iPhone X ,3,64,91900,91900,0,4.6
SAMSUNG,Galaxy A12 ,Black,SAMSUNG Galaxy A12 ,4,64,15999,15999,0,4.2
Lenovo,A5000 ,White,Lenovo A5000 ,1,8,9999,9999,0,4
vivo,Y73 ,Diamond Flare,vivo Y73 ,3,64,28990,28990,0,4.4
Motorola,C Plus,Pearl White,Motorola C Plus,2,16,6900,6900,0,4.2
Infinix,Hot 10,Obsidian Black,Infinix Hot 10,4,64,11999,11999,0,4.4
SAMSUNG,Galaxy J5 ,Black,SAMSUNG Galaxy J5 ,1.5,8,7990,7990,0,4.3
Nokia,8,Steel,Nokia 8,4,64,36999,36999,0,4
SAMSUNG,Galaxy On8 ,Black,SAMSUNG Galaxy On8 ,4,64,19990,19990,0,4.4
Lenovo,K6 Note ,Grey,Lenovo K6 Note ,4,32,9150,9150,0,4
POCO,X2,Pheonix Red,POCO X2,6,64,14999,18999,4000,4.5
SAMSUNG,Galaxy M32 ,Blue,SAMSUNG Galaxy M32 ,4,64,15399,15499,100,4.2
LG,W30 ,Thunder Blue,LG W30 ,3,32,8399,8399,0,3.9
Apple,iPhone 7 Plus ,Red,Apple iPhone 7 Plus ,3,128,42900,42900,0,4.5
Apple,iPhone 13 Pro ,Silver,Apple iPhone 13 Pro ,6,128,119900,119900,0,4.2
Nokia,216 DS 2020,Black,Nokia 216 DS 2020,16,16,2450,2450,0,4.2
SAMSUNG,Galaxy M11 ,Metallic Blue,SAMSUNG Galaxy M11 ,3,32,11745,11745,0,4.2
SAMSUNG,Galaxy A70s ,Prism Crush Black,SAMSUNG Galaxy A70s ,6,128,17999,31000,13001,4.3
Apple,iPhone 12 Mini ,Green,Apple iPhone 12 Mini ,4,256,71999,74900,2901,4.5
LG,G8s ThinQ ,Black,LG G8s ThinQ ,6,128,29999,29999,0,4.2
Infinix,Hot 10,Ocean Wave,Infinix Hot 10,6,128,13999,13999,0,4.3
realme,1,Black,realme 1,4,64,10990,14990,4000,4.4
Apple,iPhone 12 Mini ,Green,Apple iPhone 12 Mini ,4,64,56999,59900,2901,4.5
Apple,iPhone 13 Pro Max ,Gold,Apple iPhone 13 Pro Max ,6,89,179900,179900,0,4.2
realme,8 Pro ,Illuminating Yellow,realme 8 Pro ,6,128,17999,19999,2000,4.3
Apple,iPhone 11 Pro ,Gold,Apple iPhone 11 Pro ,4,64,79999,106600,26601,4.6
Apple,iPhone XR ,White,Apple iPhone XR ,3,128,47999,52900,4901,4.6
SAMSUNG,Galaxy J2 ,Gold,SAMSUNG Galaxy J2 ,1,8,7400,7400,0,4.1
vivo,V21 5G ,Sunset Dazzle,vivo V21 5G ,8,256,15490,19490,4000,4.5
vivo,V21 5G ,Dusk Blue,vivo V21 5G ,12,256,14990,14990,0,4.4
POCO,M4 Pro 5G,Yellow,POCO M4 Pro 5G,8,128,18999,21999,3000,4.4
SAMSUNG,Galaxy Star Advance ,Black,SAMSUNG Galaxy Star Advance ,512,4,3500,3500,0,3.8
GIONEE,F103 Pro ,White,GIONEE F103 Pro ,3,16,8999,8999,0,3.9
vivo,S1,Skyline Blue,vivo S1,4,128,19990,19990,0,4.4
OPPO,A5s,Red,OPPO A5s,3,32,12990,12990,0,4.4
GIONEE,A1 ,Grey,GIONEE A1 ,4,64,21499,21499,0,4
OPPO,A55,Starry Black,OPPO A55,4,64,15490,15490,0,4.3
SAMSUNG,Galaxy S20 ,Cloud Blue,SAMSUNG Galaxy S20 ,8,128,49980,49980,0,4.3
realme,6,Comet White,realme 6,8,128,16999,17999,1000,4.4
SAMSUNG,Galaxy M30 ,Gradation Blue,SAMSUNG Galaxy M30 ,6,128,15890,15990,100,4.3
SAMSUNG,Galaxy M30 ,Gradation Blue,SAMSUNG Galaxy M30 ,4,64,13995,14455,460,4.4
OPPO,A55,Rainbow Blue,OPPO A55,6,128,17490,20990,3500,3.8
Lenovo,VIBE P1m ,White,Lenovo VIBE P1m ,2,16,6999,6999,0,4.1
realme,5 Pro ,Crystal Green,realme 5 Pro ,4,64,13999,14999,1000,4.5
ASUS,ROG Phone II ,Black,ASUS ROG Phone II ,8,128,40999,40999,0,4.6
vivo,Y71i,Matte Black,vivo Y71i,2,16,8990,8990,0,4.3
Apple,iPhone XS Max ,Silver,Apple iPhone XS Max ,4,512,144900,144900,0,4.6
POCO,M4 Pro 5G,Power Black,POCO M4 Pro 5G,4,64,14999,16999,2000,4.5
SAMSUNG,Galaxy S21 Plus ,Phantom Silver,SAMSUNG Galaxy S21 Plus ,8,128,71999,100999,29000,4.4
SAMSUNG,Galaxy J7 - 6 New 2016 Edition) ,Black,SAMSUNG Galaxy J7 - 6 New 2016 Edition) ,2,16,13800,15014,1214,4.3
realme,C11 2021 ,Cool Grey,realme C11 2021 ,2,32,7299,7999,700,4.3
LG,X Power ,Black,LG X Power ,2,16,8499,8499,0,4
SAMSUNG,Galaxy M30S ,Quartz Green,SAMSUNG Galaxy M30S ,4,128,15499,15999,500,4.3
Motorola,Z2 Play,Fine Gold,Motorola Z2 Play,4,64,27999,27999,0,4.4
GIONEE,Max Pro ,Blue,GIONEE Max Pro ,3,32,7299,9999,2700,3.8
SAMSUNG,Galaxy A70s ,Prism Crush Red,SAMSUNG Galaxy A70s ,8,128,30500,33100,2600,4.3
LG,W30 Plus ,Aurora Green,LG W30 Plus ,4,64,12790,12790,0,3.8
SAMSUNG,Galaxy A2 Core ,Dark Gray,SAMSUNG Galaxy A2 Core ,1,16,5900,5900,0,4.2
realme,C15 ,Power Blue,realme C15 ,4,64,10999,12999,2000,4.4
SAMSUNG,Galaxy A72 ,Awesome Blue,SAMSUNG Galaxy A72 ,8,128,34999,41999,7000,4.3
SAMSUNG,Galaxy M11 ,Violet,SAMSUNG Galaxy M11 ,3,32,11745,11745,0,4.2
SAMSUNG,Galaxy J7 ,White,SAMSUNG Galaxy J7 ,1.5,16,11700,11700,0,4.3
SAMSUNG,Guru FM Plus SM-B110E/D,Black,SAMSUNG Guru FM Plus SM-B110E/D,14,2,1375,1375,0,4.3
OPPO,Reno3 Pro,Midnight Black,OPPO Reno3 Pro,8,128,24768,24990,222,4.4
Xiaomi,Redmi Note 11T 5G,Matte Black,Xiaomi Redmi Note 11T 5G,6,130,19100,19100,0,4.2
Nokia,2.4,Charcoal Grey,Nokia 2.4,3,64,10399,11499,1100,4
Nokia,2.3,Charcoal,Nokia 2.3,2,32,9999,9999,0,4
GIONEE,Pioneer P4 ,White,GIONEE Pioneer P4 ,1,8,4850,4850,0,3.8
Apple,iPhone XS ,Gold,Apple iPhone XS ,4,64,62999,89900,26901,4.7
vivo,Y91i ,Fusion Black,vivo Y91i ,8,128,14990,14990,0,4.4
Apple,iPhone 6s Plus ,Rose Gold,Apple iPhone 6s Plus ,2,89,34900,34900,0,4.4
SAMSUNG,Guru FM Plus SM-B110E/D,Black,SAMSUNG Guru FM Plus SM-B110E/D,14,2,1450,1450,0,4.3
LG,K9 4G LTE ,Black,LG K9 4G LTE ,2,16,7999,7999,0,4
SAMSUNG,Galaxy A2 Core ,Blue,SAMSUNG Galaxy A2 Core ,1,16,5900,5900,0,4.2
Lenovo,A6000 Shot ,White,Lenovo A6000 Shot ,2,16,7990,7990,0,3.7
realme,8 Pro ,Illuminating Yellow,realme 8 Pro ,8,89,19999,21999,2000,4.4
SAMSUNG,Galaxy J1 Ace ,White,SAMSUNG Galaxy J1 Ace ,512,4,5110,5110,0,3.9
Nokia,110 TA-1302 DS,Black,Nokia 110 TA-1302 DS,4,4,1680,1762,82,4.1
Apple,iPhone 11 Pro ,Midnight Green,Apple iPhone 11 Pro ,4,64,79999,106600,26601,4.6
SAMSUNG,Galaxy Alpha ,Frosted Gold,SAMSUNG Galaxy Alpha ,2,32,42000,42000,0,3.6
Nokia,5.1 Plus ,Black,Nokia 5.1 Plus ,6,64,14999,14999,0,3.7
Nokia,4.2,Pink Sand,Nokia 4.2,3,32,13699,13699,0,4
Lenovo,K8 Plus ,Venom Black,Lenovo K8 Plus ,3,32,10999,10999,0,4.2
Apple,iPhone 13 Pro ,Gold,Apple iPhone 13 Pro ,6,512,149900,149900,0,4.2
GIONEE,F103 Pro ,Gold,GIONEE F103 Pro ,3,16,5290,5290,0,3.9
Xiaomi,Redmi 9A ,Nature Green,Xiaomi Redmi 9A ,2,32,7698,7698,0,4.1
Nokia,112,Black,Nokia 112,16,16,3100,3100,0,4.1
Apple,iPhone 7 ,Black,Apple iPhone 7 ,2,256,74400,74400,0,4.5
OPPO,A31,Lake Green,OPPO A31,4,64,11960,12990,1030,4.3
SAMSUNG,Galaxy Note 5 ,Gold Platinum,SAMSUNG Galaxy Note 5 ,4,32,46300,46300,0,4.1
Apple,iPhone XR ,Blue,Apple iPhone XR ,3,128,47999,52900,4901,4.6
Apple,iPhone 11 ,Yellow,Apple iPhone 11 ,4,128,54900,54900,0,4.6
SAMSUNG,Galaxy A12 ,Black,SAMSUNG Galaxy A12 ,4,128,14999,14999,0,4.2
Apple,iPhone 8 Plus ,Gold,Apple iPhone 8 Plus ,3,256,84900,84900,0,4.6
Lenovo,Vibe K5 Note ,Gold,Lenovo Vibe K5 Note ,4,64,13499,13499,0,4.1
SAMSUNG,Galaxy A22 ,Mint,SAMSUNG Galaxy A22 ,6,128,18499,20499,2000,4.3
Lenovo,Z2 Plus ,Black,Lenovo Z2 Plus ,3,32,8250,8250,0,3.9
SAMSUNG,M01 core ,Blue,SAMSUNG M01 core ,2,32,5999,5999,0,3.9
SAMSUNG,Galaxy Grand Neo Plus ,Gold,SAMSUNG Galaxy Grand Neo Plus ,1,8,6999,6999,0,4
Apple,iPhone 7 Plus ,Jet Black,Apple iPhone 7 Plus ,3,32,36999,37900,901,4.5
Nokia,C01 Plus ,Grey,Nokia C01 Plus ,2,16,5999,5999,0,4.2
LG,Optimus L3 II E425 ,Black,LG Optimus L3 II E425 ,512,4,6299,6299,0,3.9
HTC,Desire 626,Blue Lagoon,HTC Desire 626,2,16,13200,13200,0,3.7
SAMSUNG,Galaxy A3 ,Pearl White,SAMSUNG Galaxy A3 ,1,16,10800,10800,0,4
Infinix,S4,Twilight Purple,Infinix S4,4,64,10999,10999,0,4.3
Apple,iPhone 11 Pro ,Silver,Apple iPhone 11 Pro ,4,256,121300,121300,0,4.6
SAMSUNG,Galaxy Grand 2 ,Gold,SAMSUNG Galaxy Grand 2 ,1.5,8,15999,16740,741,4.1
Google Pixel,Nexus 5X ,Ice,Google Pixel Nexus 5X ,2,32,29990,29990,0,4.3
Nokia,130,Black,Nokia 130,4,8,1625,1625,0,4.2
Apple,iPhone 11 Pro Max ,Midnight Green,Apple iPhone 11 Pro Max ,4,256,131900,131900,0,4.7
Xiaomi,Redmi 6A ,Black,Xiaomi Redmi 6A ,2,32,7989,7989,0,4.3
Xiaomi,Redmi Note 8 ,Neptune Blue,Xiaomi Redmi Note 8 ,4,64,12999,12999,0,4.4
Apple,iPhone 13 Pro Max ,Silver,Apple iPhone 13 Pro Max ,6,89,129900,129900,0,4.2
OPPO,A71 New Edition,Black,OPPO A71 New Edition,3,16,9940,9940,0,4.4
Apple,iPhone 12 Pro ,Pacific Blue,Apple iPhone 12 Pro ,6,128,109900,109900,0,4.6
SAMSUNG,Galaxy A8 ,Black,SAMSUNG Galaxy A8 ,2,32,25990,25990,0,4.2
SAMSUNG,Galaxy J4 ,Gold,SAMSUNG Galaxy J4 ,2,16,9500,9500,0,4.3
OPPO,A9 2020,Marine Green,OPPO A9 2020,4,128,14990,18990,4000,4.3
Infinix,Note 5 Stylus,Charcoal Blue,Infinix Note 5 Stylus,4,64,16999,16999,0,3.9
realme,8 Pro ,Illuminating Yellow,realme 8 Pro ,8,128,19999,21999,2000,4.4
Nokia,150/150 DS,Black,Nokia 150/150 DS,4,4,2540,2540,0,4.2
OPPO,A16,Crystal Black,OPPO A16,4,64,13490,13490,0,4.2
SAMSUNG,Galaxy S20 FE ,Cloud Red,SAMSUNG Galaxy S20 FE ,8,128,49999,65999,16000,4
SAMSUNG,Galaxy Core 2 ,White,SAMSUNG Galaxy Core 2 ,768,4,5940,5940,0,3.9
GIONEE,P5_W ,White,GIONEE P5_W ,1,16,2799,2799,0,3.8
SAMSUNG,Galaxy Note 10 ,Aura Black,SAMSUNG Galaxy Note 10 ,8,256,73600,75000,1400,4.5
LG,K7i ,Brown,LG K7i ,2,16,9990,9990,0,4
ASUS,ROG Phone 3 ,Black,ASUS ROG Phone 3 ,12,128,49999,57999,8000,4.4
SAMSUNG,Galaxy J2 ,Black,SAMSUNG Galaxy J2 ,1,8,7400,7400,0,4.1
Apple,iPhone 13 Pro Max ,Sierra Blue,Apple iPhone 13 Pro Max ,6,1,179900,179900,0,4.2
ASUS,6Z ,Silver,ASUS 6Z ,8,256,43999,43999,0,4.3
ASUS,Zenfone Live ,Gold,ASUS Zenfone Live ,2,16,7668,7668,0,4
SAMSUNG,Galaxy A10 ,Red,SAMSUNG Galaxy A10 ,2,32,8700,8700,0,4.3
Xiaomi,Redmi 6 ,Black,Xiaomi Redmi 6 ,3,64,10450,10450,0,4.2
Lenovo,A6600 ,White,Lenovo A6600 ,1,16,4499,7499,3000,3.8
Xiaomi,Redmi 6 Pro ,Red,Xiaomi Redmi 6 Pro ,4,64,11999,12990,991,4.4
SAMSUNG,Galaxy Grand 2 ,Black,SAMSUNG Galaxy Grand 2 ,1.5,8,9999,9999,0,4.1
Google Pixel,Very Silver,Silver,Google Pixel Very Silver,4,32,57000,57000,0,4.4
ASUS,Zenfone Go 5.0 LTE 2nd Gen ,Red,ASUS Zenfone Go 5.0 LTE 2nd Gen ,2,16,5990,5990,0,3.6
Apple,iPhone XR ,Coral,Apple iPhone XR ,3,256,91900,91900,0,4.6
realme,Narzo 20 Pro ,White Knight,realme Narzo 20 Pro ,6,64,14999,16999,2000,4.3
Apple,iPhone XS Max ,Silver,Apple iPhone XS Max ,4,64,73999,109900,35901,4.6
SAMSUNG,Galaxy M02 ,Red,SAMSUNG Galaxy M02 ,2,32,7900,7900,0,4
SAMSUNG,Sm-B110E/D,Black,SAMSUNG Sm-B110E/D,14,2,1497,1497,0,4.1
vivo,Y83,Gold,vivo Y83,4,32,15990,15990,0,4.4
Lenovo,K6 POWER ,GREY/BLACK,Lenovo K6 POWER ,4,32,7999,7999,0,4
SAMSUNG,Galaxy Trend ,Wine Red,SAMSUNG Galaxy Trend ,512,4,6999,8740,1741,3.6
Nokia,7.2,Ice,Nokia 7.2,4,64,19999,19999,0,4.1
OPPO,A71,Black,OPPO A71,3,16,12500,12500,0,4.2
Nokia,110,Black,Nokia 110,16,10,1599,1599,0,3.6
Apple,iPhone 7 ,Rose Gold,Apple iPhone 7 ,2,256,74400,74400,0,4.5
LG,L90 Dual ,White,LG L90 Dual ,1,8,15532,15532,0,4.2
SAMSUNG,Galaxy M30 ,Blue,SAMSUNG Galaxy M30 ,3,32,10399,11000,601,4.3
Xiaomi,REDMI Note 9 ,Shadow Black,Xiaomi REDMI Note 9 ,4,64,11999,14999,3000,4.2
Nokia,2.4,Dusk Purple,Nokia 2.4,3,64,10399,11499,1100,4
SAMSUNG,Galaxy A21s ,Blue,SAMSUNG Galaxy A21s ,6,64,14839,16900,2061,4.2
Apple,iPhone SE ,Red,Apple iPhone SE ,2,256,54900,54900,0,4.5
SAMSUNG,Galaxy J6 ,Black,SAMSUNG Galaxy J6 ,3,32,13500,13500,0,4.4
OPPO,A52,Twilight Black,OPPO A52,4,128,14990,17990,3000,4.4
LG,V20 ,Silver,LG V20 ,4,64,29199,29199,0,4.2
Infinix,Zero 8i,Silver Diamond,Infinix Zero 8i,8,128,18999,18999,0,4.2
Infinix,Hot 11,Purple,Infinix Hot 11,4,64,9999,11999,2000,4.4
SAMSUNG,Galaxy A12 ,White,SAMSUNG Galaxy A12 ,4,64,13999,13999,0,4.2
Motorola,E7 Power ,Tahiti Blue,Motorola E7 Power ,2,32,6999,9999,3000,4.1
SAMSUNG,Galaxy F12 ,Sky Blue,SAMSUNG Galaxy F12 ,4,64,11499,12999,1500,4.2
realme,6i ,Lunar White,realme 6i ,4,89,12999,14999,2000,4.4
SAMSUNG,M31 Prime ,Ocean Blue,SAMSUNG M31 Prime ,6,128,17194,17194,0,4.3
HTC,820S,Milkyway Grey,HTC 820S,2,16,25500,25500,0,3.9
POCO,M2  ,Pitch Black,POCO M2  ,6,128,11499,14999,3500,4.4
Lenovo,Vibe Z2 Pro ,Starry Night Black,Lenovo Vibe Z2 Pro ,3,32,29999,29999,0,4
SAMSUNG,Galaxy Note 5 ,black sapphire,SAMSUNG Galaxy Note 5 ,4,32,46300,46300,0,4.1
GIONEE,X-1 ,Gold,GIONEE X-1 ,2,16,5149,5149,0,4
SAMSUNG,Galaxy J4 ,Blue,SAMSUNG Galaxy J4 ,2,16,9500,9500,0,4.3
Google Pixel,XL ,Very Silver,Google Pixel XL ,4,128,76000,76000,0,4.5
realme,X7 Pro 5G ,Mystic Black,realme X7 Pro 5G ,8,128,29999,32999,3000,4.3
Nokia,2,Pewter / White,Nokia 2,1,8,6295,6295,0,3.8
LG,W31 ,midnight blue,LG W31 ,4,64,9999,9999,0,4
Motorola,Edge 20 Fusion ,Cyber Teal,Motorola Edge 20 Fusion ,8,128,22999,25999,3000,4.2
LG,Stylus 2 ,Titan,LG Stylus 2 ,2,16,12999,12999,0,4.1
Apple,iPhone 6 ,Silver,Apple iPhone 6 ,1,64,62000,62000,0,4.4
SAMSUNG,Galaxy Note 9 ,Alpine White,SAMSUNG Galaxy Note 9 ,6,128,73600,73600,0,4.6
Apple,iPhone 6s Plus ,Gold,Apple iPhone 6s Plus ,2,32,34900,34900,0,4.4
OPPO,F19 Pro,Fantastic Purple,OPPO F19 Pro,8,128,21990,23990,2000,4.3
Motorola,G40 Fusion ,Frosted Champagne,Motorola G40 Fusion ,4,64,14499,16999,2500,4.3
GIONEE,G3 ,Black,GIONEE G3 ,1,4,10990,10990,0,2.8
SAMSUNG,Galaxy A6 ,Gold,SAMSUNG Galaxy A6 ,4,64,13999,14999,1000,4.3
SAMSUNG,Galaxy A10s ,Blue,SAMSUNG Galaxy A10s ,2,32,10000,10000,0,4.4
SAMSUNG,Galaxy S9 Plus ,Lilac Purple,SAMSUNG Galaxy S9 Plus ,6,128,68900,68900,0,4.5
Motorola,G8 Plus,Crystal Pink,Motorola G8 Plus,4,64,12999,15999,3000,4.3
OPPO,F1S,Grey,OPPO F1S,3,32,12990,12990,0,4.2
realme,C21Y ,Cross Blue,realme C21Y ,4,64,9999,10999,1000,4.4
Apple,iPhone 11 ,Red,Apple iPhone 11 ,4,256,64900,64900,0,4.6
Motorola,Edge 20 Fusion ,Electric Graphite,Motorola Edge 20 Fusion ,6,128,21499,24999,3500,3.9
Infinix,Hot 11S,Polar Black,Infinix Hot 11S,4,64,10999,13999,3000,4.3
Apple,iPhone XR ,Coral,Apple iPhone XR ,3,64,42999,47900,4901,4.6
Nokia,3.1,Black,Nokia 3.1,2,16,9999,9999,0,3.9
GIONEE,A1 Lite ,Black,GIONEE A1 Lite ,3,32,11499,11499,0,3.9
SAMSUNG,Galaxy J2 2018 ,Black,SAMSUNG Galaxy J2 2018 ,2,16,7999,7999,0,4.3
LG,Q7 ,Lavender Violet,LG Q7 ,3,32,16996,16996,0,3.3
Apple,iPhone 7 ,Black,Apple iPhone 7 ,2,128,34900,34900,0,4.5
Lenovo,K3 Note ,White,Lenovo K3 Note ,2,16,7000,7000,0,4
SAMSUNG,Galaxy Note 3 Neo ,Black,SAMSUNG Galaxy Note 3 Neo ,2,16,19900,19900,0,4.2
SAMSUNG,Galaxy F23 5G,Aqua Blue,SAMSUNG Galaxy F23 5G,6,128,16999,23999,7000,4
SAMSUNG,Galaxy Grand 2 ,White,SAMSUNG Galaxy Grand 2 ,1.5,8,10990,10990,0,4.1
realme,X2 Pro ,Concrete,realme X2 Pro ,12,256,36999,36999,0,4.6
OPPO,K1,Piano Black,OPPO K1,4,64,15000,15000,0,4.4
SAMSUNG,Galaxy M42 5G ,Prism Dot Gray,SAMSUNG Galaxy M42 5G ,6,128,17000,21540,4540,4.3
GIONEE,M7 ,Gold,GIONEE M7 ,6,64,9290,9290,0,2.7
Nokia,TA-1010/105,Black,Nokia TA-1010/105,4,4,1332,1332,0,4.2
SAMSUNG,Galaxy M21 ,Midnight Blue,SAMSUNG Galaxy M21 ,6,128,15499,15499,0,4.2
realme,Narzo 30A ,Laser Black,realme Narzo 30A ,3,32,8999,9999,1000,4.3
Apple,iPhone XS ,Space Grey,Apple iPhone XS ,4,64,62999,89900,26901,4.7
realme,6,Comet White,realme 6,6,64,14999,17999,3000,4.4
OPPO,F3 Plus,Gold,OPPO F3 Plus,6,64,22990,22990,0,4.3
Apple,iPhone 12 Pro Max ,Graphite,Apple iPhone 12 Pro Max ,14,128,119900,119900,0,4.6
SAMSUNG,Metro 313,Black,SAMSUNG Metro 313,14,16,1990,1990,0,4.1
Nokia,150 DS 2020,Black,Nokia 150 DS 2020,4,4,2533,2643,110,4.1
vivo,X70 Pro ,Aurora Dawn,vivo X70 Pro ,8,256,49990,54990,5000,4.5
Motorola,X 2nd Generation ,Black Leather,Motorola X 2nd Generation ,2,16,23999,23999,0,4.2
SAMSUNG,Galaxy M32 5G ,Slate Black,SAMSUNG Galaxy M32 5G ,8,128,24999,24999,0,4.2
Xiaomi,Mi 11 Lite ,Tuscany Coral,Xiaomi Mi 11 Lite ,6,128,21999,24999,3000,4.2
Apple,iPhone XS ,Silver,Apple iPhone XS ,4,256,76999,103900,26901,4.7
SAMSUNG,Galaxy E7 ,White,SAMSUNG Galaxy E7 ,2,16,12999,12999,0,4.3
realme,7i ,Fusion Green,realme 7i ,4,128,14999,14999,0,4.3
Apple,iPhone 6s ,Rose Gold,Apple iPhone 6s ,2,64,72000,72000,0,4.5
OPPO,F17,Dynamic Orange,OPPO F17,8,128,22990,22990,0,4.3
Xiaomi,REDMI Note 10 Pro ,Dark Night,Xiaomi REDMI Note 10 Pro ,6,128,18887,19618,731,4.3
Lenovo,X2-AP ,Gold,Lenovo X2-AP ,2,32,17499,17499,0,3.7
realme,C2 ,Diamond Blue,realme C2 ,3,32,7499,8999,1500,4.4
Apple,iPhone 13 Pro Max ,Silver,Apple iPhone 13 Pro Max ,6,1,179900,179900,0,4.2
SAMSUNG,Galaxy J5 Prime ,Black,SAMSUNG Galaxy J5 Prime ,3,32,13500,13500,0,4.3
Xiaomi,11i Hypercharge 5G,Pacific Pearl,Xiaomi 11i Hypercharge 5G,8,128,28999,33999,5000,4.3
OPPO,A54,Moonlight Gold,OPPO A54,4,128,15990,15990,0,4.3
SAMSUNG,Galaxy A71 ,Prism Crush Silver,SAMSUNG Galaxy A71 ,8,128,27499,34999,7500,4.4
OPPO,A7,Glaring Gold,OPPO A7,3,64,10990,16990,6000,4.3
GIONEE,P7 Max ,Gold,GIONEE P7 Max ,3,32,5999,5999,0,3.9
GIONEE,Elife S7 ,White,GIONEE Elife S7 ,2,16,15999,15999,0,4.1
SAMSUNG,Galaxy A32 ,Awesome Blue,SAMSUNG Galaxy A32 ,6,128,21700,21700,0,4.1
Apple,iPhone 8 ,Space Grey,Apple iPhone 8 ,2,256,77000,77000,0,4.5
Motorola,Edge+ ,Smoky Sangria,Motorola Edge+ ,12,256,64999,89999,25000,4.1
ASUS,ZenFone Max M1 ,Black,ASUS ZenFone Max M1 ,3,32,9599,9599,0,4.2
Apple,iPhone 13 Pro Max,Silver,Apple iPhone 13 Pro Max,4,512,159900,159900,0,4.7
realme,3,Black,realme 3,3,32,8499,10999,2500,4.5
Nokia,6310,Black,Nokia 6310,16,8,4049,4049,0,4.2
POCO,M4 Pro,Power Black,POCO M4 Pro,6,64,14999,17999,3000,4.4
Lenovo,K6 Power ,Grey,Lenovo K6 Power ,4,32,8999,8999,0,4
Google Pixel,Nexus 5X ,Ice,Google Pixel Nexus 5X ,2,16,25990,25990,0,4.3
realme,C12 ,Power Blue,realme C12 ,3,32,8999,10999,2000,4.4
SAMSUNG,Galaxy Grand Neo Plus ,White,SAMSUNG Galaxy Grand Neo Plus ,1,8,5999,5999,0,4
SAMSUNG,Galaxy A71 ,Haze Crush Silver,SAMSUNG Galaxy A71 ,8,128,27499,34999,7500,4.4
LG,V40 ThinQ ,Platinum Grey,LG V40 ThinQ ,6,128,60000,60000,0,4.4
LG,W30 Pro ,Midnight Purple,LG W30 Pro ,4,64,14999,14999,0,3.8
realme,Narzo 20A ,Glory Silver,realme Narzo 20A ,3,32,8499,10999,2500,4.3
LG,Nexus4 E960,White,LG Nexus4 E960,2,16,26299,26299,0,4.5
POCO,M3 ,Power Black,POCO M3 ,6,64,11999,12999,1000,4.3
realme,5i ,Forest Green,realme 5i ,4,128,11999,11999,0,4.5
SAMSUNG,M02s ,Red,SAMSUNG M02s ,3,32,8999,8999,0,4.2
Infinix,Hot 10,Obsidian Black,Infinix Hot 10,6,128,13999,13999,0,4.3
Lenovo,K6 Note ,Silver,Lenovo K6 Note ,4,32,7599,7599,0,4
Nokia,105 DS 2020,Black,Nokia 105 DS 2020,4,4,1349,1599,250,4.2
SAMSUNG,Galaxy S10 ,Prism Blue,SAMSUNG Galaxy S10 ,8,128,39999,71000,31001,4.6
vivo,Y20 ,Obsidian Black,vivo Y20 ,8,256,13995,13995,0,4.3
Apple,iPhone 6s ,Gold,Apple iPhone 6s ,2,16,41999,41999,0,4.5
Xiaomi,Redmi Note 6 Pro ,Black,Xiaomi Redmi Note 6 Pro ,6,64,14999,14999,0,4.1
Nokia,150,Black,Nokia 150,4,4,2000,2000,0,4.2
OPPO,A53s 5G,Ink Black,OPPO A53s 5G,6,128,15990,16990,1000,4.3
GIONEE,S11 ,Gold,GIONEE S11 ,4,64,8389,8389,0,2.8
GIONEE,P5 Mini ,Black,GIONEE P5 Mini ,1,8,3490,3490,0,3.8
HTC,816G,Blue,HTC 816G,1,16,21990,21990,0,3.9
realme,C25Y ,Metal Grey,realme C25Y ,4,128,11999,13999,2000,4.2
Xiaomi,MI 11X 5G ,LUNAR WHITE,Xiaomi MI 11X 5G ,6,128,26495,28990,2495,4.4
ASUS,ROG Phone 5 ,Black,ASUS ROG Phone 5 ,12,256,57999,63999,6000,4.5
Apple,iPhone 13 Pro Max,Sierra Blue,Apple iPhone 13 Pro Max,4,512,159900,159900,0,4.7
Motorola,G7,Black,Motorola G7,4,64,9999,18999,9000,4.3
Apple,iPhone 6s ,Space Grey,Apple iPhone 6s ,2,16,62000,62000,0,4.5
Apple,iPhone 13 Pro Max ,Silver,Apple iPhone 13 Pro Max ,6,128,129900,129900,0,4.2
Lenovo,K4 Note ,Black/Tuxedo Black,Lenovo K4 Note ,3,16,7999,7999,0,3.9
SAMSUNG,Galaxy A21s ,Silver,SAMSUNG Galaxy A21s ,6,128,17499,18999,1500,4.2
ASUS,ROG Phone 5 ,Black,ASUS ROG Phone 5 ,8,128,49999,55999,6000,4.3
SAMSUNG,Galaxy M51 ,Celestial Black,SAMSUNG Galaxy M51 ,8,128,27999,27999,0,4.4
Lenovo,K9 Note ,Black,Lenovo K9 Note ,4,64,11999,11999,0,4.1
Apple,iPhone XS ,Gold,Apple iPhone XS ,4,64,62999,89900,26901,4.7
SAMSUNG,GT 1200 R/I/M,Black,SAMSUNG GT 1200 R/I/M,14,2,1099,1099,0,4.1
Apple,iPhone 11 ,Green,Apple iPhone 11 ,4,256,64900,64900,0,4.6
realme,X7 5G ,Nebula,realme X7 5G ,8,128,21999,23999,2000,4.3
OPPO,R17,Neon Purple,OPPO R17,8,128,38999,38999,0,3.7
Nokia,6.1 Plus ,Blue,Nokia 6.1 Plus ,4,64,18599,18599,0,4.3
OPPO,A16,Black,OPPO A16,3,32,10490,10490,0,3.7
OPPO,A12,Blue,OPPO A12,3,32,9490,10990,1500,4.4
SAMSUNG,Galaxy M12 ,White,SAMSUNG Galaxy M12 ,4,64,11730,12900,1170,4.2
LG,W41 Plus ,Magic Blue,LG W41 Plus ,4,128,9499,18000,8501,3.8
Apple,iPhone 12 ,Purple,Apple iPhone 12 ,4,256,78999,80900,1901,4.6
ASUS,ZenFone 5Z ,Meteor Silver,ASUS ZenFone 5Z ,8,256,43999,43999,0,4.5
Apple,iPhone 6s Plus ,Silver,Apple iPhone 6s Plus ,2,64,59999,59999,0,4.4
OPPO,K3,Aurora Blue,OPPO K3,6,64,23990,24667,677,4.3
SAMSUNG,Galaxy F12 ,Celestial Black,SAMSUNG Galaxy F12 ,4,128,12499,13999,1500,4.2
OPPO,A3s,Purple,OPPO A3s,2,16,9500,9500,0,4.4
OPPO,F15,Blazing Blue,OPPO F15,8,128,18990,22990,4000,4.4
vivo,Y12G ,Phantom Black,vivo Y12G ,12,256,15900,15900,0,4.4
Infinix,S5 Lite,Quetzal Cyan,Infinix S5 Lite,4,64,9999,9999,0,4.3
Apple,iPhone 13 Mini ,Pink,Apple iPhone 13 Mini ,4,256,79900,79900,0,4.2
Motorola,X Play,White,Motorola X Play,2,16,17499,17499,0,4.2
OPPO,A55,Mint Green,OPPO A55,4,64,15490,15490,0,4.3
SAMSUNG,Galaxy A51 ,Haze Crush Silver,SAMSUNG Galaxy A51 ,8,128,22499,29999,7500,4.3
OPPO,Neo 7 4G,Black,OPPO Neo 7 4G,1,16,10000,10000,0,3.8
SAMSUNG,Galaxy A20s ,Green,SAMSUNG Galaxy A20s ,4,64,13695,14900,1205,4.3
Apple,iPhone XR ,Yellow,Apple iPhone XR ,3,256,91900,91900,0,4.6
Lenovo,A2010 ,Grey,Lenovo A2010 ,1,8,5499,5499,0,3.9
POCO,M4 Pro,Cool Blue,POCO M4 Pro,6,128,16499,19999,3500,4.4
vivo,Y75 5G,Starlight Black,vivo Y75 5G,8,128,21990,21990,0,4.3
SAMSUNG,Galaxy A6+ ,Black,SAMSUNG Galaxy A6+ ,4,64,21990,21990,0,4.4
SAMSUNG,Galaxy J1 ,Black,SAMSUNG Galaxy J1 ,1,8,7550,7550,0,4
realme,C3 ,Volcano Grey,realme C3 ,4,64,9999,9999,0,4.4
SAMSUNG,Galaxy A12 ,Black,SAMSUNG Galaxy A12 ,6,128,14999,14999,0,3.9
SAMSUNG,Galaxy A22 5G ,Violet,SAMSUNG Galaxy A22 5G ,6,128,19999,22499,2500,4.3
Xiaomi,Y11T Pro,Meteorite Black,Xiaomi Y11T Pro,14,256,41996,41996,0,4.3
realme,X2 ,Pearl Green,realme X2 ,8,89,20999,20999,0,4.5
vivo,Y95,Starry Black,vivo Y95,4,32,17000,17000,0,4.4
GIONEE,P5 Mini ,Yellow,GIONEE P5 Mini ,1,8,3490,5999,2509,3.8
SAMSUNG,Galaxy E7 ,Black,SAMSUNG Galaxy E7 ,2,16,16200,16200,0,4.3
Motorola,E6s,Polished Graphite,Motorola E6s,4,64,7999,9999,2000,4.1
SAMSUNG,Galaxy J5 - 6 New 2016 Edition) ,Gold,SAMSUNG Galaxy J5 - 6 New 2016 Edition) ,2,16,10990,10990,0,4.2
OPPO,F7,Red,OPPO F7,4,64,22990,22990,0,4.4
realme,X ,Polar White,realme X ,8,128,20999,20999,0,4.5
SAMSUNG,M01 core ,Red,SAMSUNG M01 core ,2,32,5990,5990,0,3.9
GIONEE,S96,Black,GIONEE S96,64,128,3150,3150,0,3.9
Xiaomi,REDMI Note 10 Pro ,Dark Nebula,Xiaomi REDMI Note 10 Pro ,6,128,19799,19799,0,4.4
vivo,T1 5G,Starlight Black,vivo T1 5G,6,128,16990,20990,4000,4.2
SAMSUNG,Galaxy S20 FE ,Cloud White,SAMSUNG Galaxy S20 FE ,8,128,49999,65999,16000,4
Motorola,Z Play,Black,Motorola Z Play,3,32,24999,24999,0,4.4
SAMSUNG,Galaxy F42 5G ,Matte Black,SAMSUNG Galaxy F42 5G ,8,128,22999,25999,3000,4.1
vivo,Y69,Gold,vivo Y69,3,32,11999,11999,0,4.3
Apple,iPhone 8 ,Red,Apple iPhone 8 ,2,64,38999,39900,901,4.7
Google Pixel,2,Clearly White,Google Pixel 2,4,128,70000,70000,0,4.6
OPPO,A15,Rainbow Silver,OPPO A15,3,32,11249,11249,0,4.3
SAMSUNG,Metro B312E Dual Sim - White,Black,SAMSUNG Metro B312E Dual Sim - White,10,2,1599,1599,0,4.4
Nokia,6.2,Ice,Nokia 6.2,4,64,13790,13790,0,4.2
ASUS,ZenFone 5Z ,Meteor Silver,ASUS ZenFone 5Z ,6,128,36299,36299,0,4.5
realme,X ,Space Blue,realme X ,4,89,17999,17999,0,4.5
Motorola,G9 Power ,Metallic Sage,Motorola G9 Power ,4,64,11999,15999,4000,4.1
SAMSUNG,Galaxy Note 4 ,Frost White,SAMSUNG Galaxy Note 4 ,3,32,27990,27990,0,4.1
Xiaomi,11i Hypercharge 5G,Purple Mist,Xiaomi 11i Hypercharge 5G,6,128,26999,31999,5000,4.2
realme,C20 ,Cool Blue,realme C20 ,2,32,7499,7999,500,4.4
SAMSUNG,Galaxy J2 Ace ,Black,SAMSUNG Galaxy J2 Ace ,1.5,8,8090,8090,0,4.1
OPPO,A55,Starry Black,OPPO A55,6,128,17490,20990,3500,3.8
SAMSUNG,M52 5G,Blazing Black,SAMSUNG M52 5G,6,128,25990,25990,0,4.3
Xiaomi,Redmi Note 11T 5G,Stardust White,Xiaomi Redmi Note 11T 5G,8,129,22163,22163,0,4.2
Xiaomi,Redmi Note 7 ,Ruby Red,Xiaomi Redmi Note 7 ,3,32,11900,11900,0,4.2
Apple,iPhone XS ,Space Grey,Apple iPhone XS ,4,256,76999,103900,26901,4.7
SAMSUNG,Galaxy M51 ,Electric Blue,SAMSUNG Galaxy M51 ,8,128,22999,22999,0,4.4
Motorola,G 3rd Generation ,White,Motorola G 3rd Generation ,1,8,11999,11999,0,4.2
OPPO,A9 2020,Space Purple,OPPO A9 2020,8,128,15990,21990,6000,4.3
realme,C2 ,Diamond Ruby,realme C2 ,3,32,7499,8999,1500,4.4
HTC,820 G+,Milkyway Grey,HTC 820 G+,1,16,19695,19695,0,3.9
realme,Narzo 30 ,Racing Blue,realme Narzo 30 ,6,64,14499,15999,1500,4.3
SAMSUNG,Galaxy A22 5G ,Mint,SAMSUNG Galaxy A22 5G ,6,128,19818,20969,1151,4.3
GIONEE,Elife E3 ,Blue,GIONEE Elife E3 ,1,16,6500,6500,0,4.3
LG,X Screen K500I ,Black,LG X Screen K500I ,2,16,7990,7990,0,4
Lenovo,K9 Note ,Gold,Lenovo K9 Note ,4,64,11999,11999,0,4.1
vivo,X70 Pro ,Cosmic Black,vivo X70 Pro ,12,256,52990,57990,5000,4.5
Xiaomi,9A Sport,Metallic Blue,Xiaomi 9A Sport,3,32,8599,8999,400,4.3
ASUS,ROG Phone 3 ,Black,ASUS ROG Phone 3 ,8,128,46999,55999,9000,4.4
OPPO,F11,Fluorite Purple,OPPO F11,6,128,17990,23990,6000,4.4
Nokia,6.1 Plus ,Blue,Nokia 6.1 Plus ,6,64,11990,16999,5009,4.1
realme,2,Diamond Red,realme 2,3,89,9990,9990,0,4.5
realme,C21 ,Cross Black,realme C21 ,4,64,9999,10999,1000,4.4
SAMSUNG,Metro XL,Black,SAMSUNG Metro XL,64,128,3285,3285,0,4.2
SAMSUNG,Galaxy Star Pro ,White,SAMSUNG Galaxy Star Pro ,512,4,4199,4199,0,3.8
ASUS,Zenfone Max ZC550KL ,Blue,ASUS Zenfone Max ZC550KL ,3,32,14499,14499,0,4.1
Nokia,5.3,CHARCOAL,Nokia 5.3,6,64,12999,12999,0,3.7
OPPO,A15s,Rainbow Silver,OPPO A15s,4,128,13489,13489,0,4.3
ASUS,Zenfone Selfie ,Silver,ASUS Zenfone Selfie ,3,16,6749,6749,0,4
Apple,iPhone XS Max ,Gold,Apple iPhone XS Max ,4,256,78999,124900,45901,4.6
vivo,T1 5G,Starlight Black,vivo T1 5G,4,128,15990,19990,4000,4.2
GIONEE,F8 Neo ,Red,GIONEE F8 Neo ,2,32,5666,5666,0,3.9
Xiaomi,Redmi Note 5 Pro ,Gold,Xiaomi Redmi Note 5 Pro ,4,64,14999,14999,0,4.5
Apple,iPhone 12 Pro ,Gold,Apple iPhone 12 Pro ,6,128,109900,109900,0,4.6
Apple,iPhone XR ,Black,Apple iPhone XR ,3,64,42999,47900,4901,4.6
SAMSUNG,Galaxy J4 Plus ,Blue,SAMSUNG Galaxy J4 Plus ,2,32,9000,9000,0,4.3
Infinix,Smart 2,Sandstone Black,Infinix Smart 2,2,16,6999,6999,0,4.1
Motorola,Edge 20 ,Frosted Pearl,Motorola Edge 20 ,8,128,29999,34999,5000,4.4
Apple,iPhone 13 Pro Max ,Graphite,Apple iPhone 13 Pro Max ,6,512,159900,159900,0,4.2
OPPO,Reno3 Pro,Sky White,OPPO Reno3 Pro,8,128,24719,25489,770,4.4
vivo,Y12G ,Glacier Blue,vivo Y12G ,6,128,15990,15990,0,4.5
Motorola,X4,Super Black,Motorola X4,3,32,21999,21999,0,4.3
OPPO,A74 5G,Fantastic Purple,OPPO A74 5G,6,128,18979,18979,0,4.3
Motorola,One Vision ,Bronze Gradient,Motorola One Vision ,4,128,14999,22999,8000,4.2
SAMSUNG,Galaxy Note 9 ,Metallic Copper,SAMSUNG Galaxy Note 9 ,8,512,93000,93000,0,4.6
Apple,iPhone 13 Pro Max ,Sierra Blue,Apple iPhone 13 Pro Max ,6,512,159900,159900,0,4.2
Infinix,Smart 2,Bordeaux Red ,Infinix Smart 2,3,32,7946,7999,53,4.1
vivo,Z1x,Phantom Purple,vivo Z1x,6,64,19990,19990,0,5
SAMSUNG,Guru E1207T,Black,SAMSUNG Guru E1207T,14,2,1560,1560,0,4.1
Nokia,130,Black,Nokia 130,4,8,1600,1600,0,4.2
Infinix,Note 5,Milan Black,Infinix Note 5,3,32,10999,10999,0,4.2
GIONEE,P5 Mini ,Gold,GIONEE P5 Mini ,1,8,3599,3599,0,3.8
Nokia,5,Matte Black,Nokia 5,2,16,6999,6999,0,4
OPPO,A74 5G,Fluid Black,OPPO A74 5G,4,128,18490,18490,0,4.2
Infinix,Smart 4,Ocean Wave,Infinix Smart 4,2,32,8999,8999,0,4.4
GIONEE,P5L ,Red,GIONEE P5L ,1,16,9199,9199,0,3.7
SAMSUNG,M52 5G,Slate Black,SAMSUNG M52 5G,8,128,22989,22989,0,4.2
SAMSUNG,Galaxy J7 Nxt ,Black,SAMSUNG Galaxy J7 Nxt ,2,16,11995,11995,0,4.4
Xiaomi,Redmi K20 Pro ,Carbon Black,Xiaomi Redmi K20 Pro ,8,256,29999,29999,0,4.4
SAMSUNG,Galaxy A22 ,Black,SAMSUNG Galaxy A22 ,6,128,17575,19499,1924,4.3
Xiaomi,Redmi Y2 ,Blue,Xiaomi Redmi Y2 ,3,32,9499,9499,0,4.3
SAMSUNG,Galaxy J7 ,Black,SAMSUNG Galaxy J7 ,1.5,16,11700,11700,0,4.3
SAMSUNG,Galaxy M32 5G ,Slate Black,SAMSUNG Galaxy M32 5G ,8,128,24999,24999,0,4.2
Apple,iPhone 7 Plus ,Rose Gold,Apple iPhone 7 Plus ,3,128,42900,42900,0,4.5
realme,C25Y ,Metal Grey,realme C25Y ,4,128,12049,13999,1950,4.5
ASUS,Zenfone 4 Selfie ,Rose Pink,ASUS Zenfone 4 Selfie ,3,32,10999,10999,0,4.1
SAMSUNG,Galaxy M30 ,Black,SAMSUNG Galaxy M30 ,3,32,10399,11000,601,4.3
OPPO,F15,Unicorn White,OPPO F15,4,128,15990,20990,5000,4.4
vivo,Y21A,Diamond Glow,vivo Y21A,4,64,14449,14449,0,4.1
Nokia,7.2,Cyan Green,Nokia 7.2,6,64,20999,20999,0,4.1
GIONEE,Pioneer P2 ,White,GIONEE Pioneer P2 ,512,4,3490,3490,0,3.6
Infinix,Note 5,Berlin Gray,Infinix Note 5,4,64,12999,12999,0,4.2
Motorola,G40 Fusion ,Dynamic Gray,Motorola G40 Fusion ,6,128,16499,19999,3500,4.3
vivo,Z1 Pro,Mirror Black,vivo Z1 Pro,4,64,15990,15990,0,4.5
LG,Spirit ,Black Gold,LG Spirit ,1,8,8000,8000,0,3.8
Nokia,125 DS 2020,Black,Nokia 125 DS 2020,4,4,2349,2349,0,3.9
Lenovo,A5 ,Black,Lenovo A5 ,2,16,6999,6999,0,4.1
SAMSUNG,Rex 60,Black,SAMSUNG Rex 60,30,16,3400,3400,0,3.3
realme,X2 Pro ,Lunar White,realme X2 Pro ,8,128,31999,31999,0,4.5
SAMSUNG,On5 Pro ,Black,SAMSUNG On5 Pro ,2,16,6990,6990,0,4.2
realme,C12 ,Power Blue,realme C12 ,4,64,10999,10999,0,4.4
HTC,One E9+,Meteor Grey,HTC One E9+,3,32,38800,38800,0,3.9
Apple,iPhone SE ,Red,Apple iPhone SE ,2,64,32999,39900,6901,4.5
LG,G8X ,Black,LG G8X ,6,128,27990,70000,42010,4.4
OPPO,F5 Youth,Black,OPPO F5 Youth,3,32,17990,17990,0,4.3
SAMSUNG,Guru FM Plus,Black,SAMSUNG Guru FM Plus,14,2,1100,1100,0,4.2
Motorola,G10 Power ,Breeze Blue,Motorola G10 Power ,4,64,10499,12999,2500,4.1
POCO,M4 Pro,Power Black,POCO M4 Pro,6,128,16499,19999,3500,4.4
SAMSUNG,Galaxy J7 Duo ,Black,SAMSUNG Galaxy J7 Duo ,4,32,17962,17962,0,4.3
GIONEE,M7 ,Blue,GIONEE M7 ,6,64,9964,9974,10,2.7
SAMSUNG,Galaxy M40 ,Midnight Blue,SAMSUNG Galaxy M40 ,6,128,14300,14300,0,4.1
Nokia,110 4G,Black,Nokia 110 4G,128,48,2997,2997,0,4.2
SAMSUNG,Galaxy F62 ,Laser Green,SAMSUNG Galaxy F62 ,8,128,25999,31999,6000,4.3
SAMSUNG,Galaxy Star 2 ,Iris Charcoal,SAMSUNG Galaxy Star 2 ,512,4,4890,4890,0,3.9
OPPO,Ravichandran Ashwin Limited Edition,Black,OPPO Ravichandran Ashwin Limited Edition,4,64,22990,22990,0,4.4
POCO,C3 ,Lime Green,POCO C3 ,4,64,8999,10999,2000,4.3
SAMSUNG,Grand Prime ,Grey,SAMSUNG Grand Prime ,1,8,10899,10899,0,4
Apple,iPhone 8 Plus ,Gold,Apple iPhone 8 Plus ,3,256,84900,84900,0,4.6
ASUS,Zenfone Zoom ,Black,ASUS Zenfone Zoom ,4,128,37999,37999,0,3.6
Nokia,150 DS 2020,Black,Nokia 150 DS 2020,4,4,2440,2510,70,4.1
OPPO,A16,White,OPPO A16,3,32,10490,10490,0,3.7
Google Pixel,3a ,Just Black,Google Pixel 3a ,4,64,39999,39999,0,4.5
Nokia,105,Black,Nokia 105,4,4,1000,1000,0,4.3
SAMSUNG,Z4 ,Gold,SAMSUNG Z4 ,1,8,6200,6200,0,3.5
Apple,iPhone 11 Pro ,Gold,Apple iPhone 11 Pro ,4,512,140300,140300,0,4.6
SAMSUNG,Galaxy M30s ,White,SAMSUNG Galaxy M30s ,4,64,14990,14990,0,4.3
realme,6i ,Eclipse Black,realme 6i ,6,89,13999,15999,2000,4.4
Apple,iPhone 6 Plus ,Space Grey,Apple iPhone 6 Plus ,1,64,48999,48999,0,4.5
Nokia,2.1,Black,Nokia 2.1,1,8,6500,6500,0,4
realme,9 Pro+ 5G,Midnight Black,realme 9 Pro+ 5G,6,128,24999,27999,3000,4.4
SAMSUNG,Galaxy M31s ,Mirage Black,SAMSUNG Galaxy M31s ,6,128,19725,19725,0,4.3
realme,Narzo 50i ,Carbon Black,realme Narzo 50i ,2,32,7499,7999,500,4.4
Apple,iPhone 13 Pro Max,Gold,Apple iPhone 13 Pro Max,4,128,129900,129900,0,4.7
SAMSUNG,Galaxy A6 ,Black,SAMSUNG Galaxy A6 ,4,64,23748,23748,0,4.3
SAMSUNG,Galaxy A32 ,Awesome Blue,SAMSUNG Galaxy A32 ,8,128,22910,23900,990,4.4
Apple,iPhone 6s ,Silver,Apple iPhone 6s ,2,32,25299,29900,4601,4.5
Nokia,C01 Plus ,Blue,Nokia C01 Plus ,2,16,6499,6499,0,4.2
realme,C3 ,Frozen Blue,realme C3 ,4,64,10999,10999,0,4.4
Xiaomi,Redmi Note 5 ,Black,Xiaomi Redmi Note 5 ,4,64,10999,11499,500,4.3
GIONEE,F9 Plus ,Black,GIONEE F9 Plus ,3,32,9490,9490,0,4.1
ASUS,6Z ,Matte Black,ASUS 6Z ,8,256,43999,43999,0,4.3
SAMSUNG,Galaxy A30s ,Prism Crush Violet,SAMSUNG Galaxy A30s ,4,128,19900,19900,0,4.3
SAMSUNG,Galaxy A51 ,Prism Crush White,SAMSUNG Galaxy A51 ,8,128,22499,29999,7500,4.3
Lenovo,A850 ,White,Lenovo A850 ,1,4,15999,15999,0,4.1
Motorola,X 2nd Generation ,Black,Motorola X 2nd Generation ,2,16,14500,14500,0,4.2
vivo,V23 Pro 5G,Stardust Black,vivo V23 Pro 5G,12,256,43990,45990,2000,4.1
vivo,Y1S ,Aurora Blue,vivo Y1S ,8,128,13890,13990,100,4.4
SAMSUNG,Galaxy S6 Edge ,White Pearl,SAMSUNG Galaxy S6 Edge ,3,32,44900,44900,0,4
vivo,V23 5G,Stardust Black,vivo V23 5G,8,128,29990,34990,5000,4.4
Apple,iPhone 8 ,Red,Apple iPhone 8 ,2,64,38999,39900,901,4.7
LG,W41 ,MAGIC BLUE,LG W41 ,4,64,10499,10499,0,4
realme,Narzo 50A ,Oxygen Blue,realme Narzo 50A ,4,64,11499,12999,1500,4.4
Apple,iPhone XR ,Red,Apple iPhone XR ,3,128,47999,52900,4901,4.6
SAMSUNG,Metro 350,Black,SAMSUNG Metro 350,46,64,3200,3200,0,3.6
SAMSUNG,B351E/Metro 350,Black,SAMSUNG B351E/Metro 350,32,2,2980,2980,0,4.2
Lenovo,Vibe P1 Turbo ,Silver,Lenovo Vibe P1 Turbo ,3,32,7650,7650,0,3.7
SAMSUNG,Galaxy M11 ,Black,SAMSUNG Galaxy M11 ,3,32,11744,11749,5,4.2
Motorola,G9 ,Forest Green,Motorola G9 ,4,64,10999,14999,4000,4.2
Apple,iPhone 6 ,Gold,Apple iPhone 6 ,1,32,30780,30780,0,4.4
ASUS,ROG Phone 5 ,White,ASUS ROG Phone 5 ,12,256,57999,63999,6000,4.5
realme,8 5G ,Supersonic Black,realme 8 5G ,4,64,15499,15999,500,4.3
Nokia,7.2,Charcoal,Nokia 7.2,6,64,20999,20999,0,4.1
SAMSUNG,Galaxy Note 10 Plus ,Aura Glow,SAMSUNG Galaxy Note 10 Plus ,12,512,95000,95000,0,4.6
Xiaomi,Redmi Note 7 ,Ruby Red,Xiaomi Redmi Note 7 ,4,64,13399,14399,1000,4.1
SAMSUNG,Galaxy A12 ,Black,SAMSUNG Galaxy A12 ,6,128,14999,14999,0,3.9
OPPO,A37f,Grey,OPPO A37f,2,16,10000,10000,0,4.2
SAMSUNG,Galaxy S7 Edge ,Silver Titanium,SAMSUNG Galaxy S7 Edge ,4,32,41900,41900,0,4.4
SAMSUNG,Galaxy S4 ,White Frost,SAMSUNG Galaxy S4 ,2,16,40690,40690,0,3.9
ASUS,Zenfone Go 2nd Gen,Yellow,ASUS Zenfone Go 2nd Gen,1,8,5299,5299,0,3.7
SAMSUNG,Galaxy Z Fold3 5G ,Phantom Green,SAMSUNG Galaxy Z Fold3 5G ,12,256,149999,171999,22000,4.4
SAMSUNG,Galaxy A52 ,Awesome White,SAMSUNG Galaxy A52 ,8,128,28999,31999,3000,4.4
SAMSUNG,Galaxy A10 ,Blue,SAMSUNG Galaxy A10 ,2,32,7990,8700,710,4.3
Apple,iPhone 7 ,Rose Gold,Apple iPhone 7 ,2,32,24999,31500,6501,4.5
realme,Narzo 30 Pro 5G ,Sword Black,realme Narzo 30 Pro 5G ,6,64,16999,18999,2000,4.3
SAMSUNG,Galaxy J2 Pro ,Gold,SAMSUNG Galaxy J2 Pro ,2,16,8200,8200,0,4.2
SAMSUNG,Galaxy S9 Plus ,Midnight Black,SAMSUNG Galaxy S9 Plus ,6,64,70000,70000,0,4.5
vivo,Y20 T,Purist Blue,vivo Y20 T,6,64,15490,15490,0,4.3
realme,X3 SuperZoom ,Glacier Blue,realme X3 SuperZoom ,12,89,32999,34999,2000,4.2
LG,G4 ,Genuine Leather Black,LG G4 ,3,32,35990,35990,0,4
OPPO,Reno4 Pro,Starry Night,OPPO Reno4 Pro,8,128,34990,37990,3000,4.4
Xiaomi,Redmi Note 9 Pro ,Champagne Gold,Xiaomi Redmi Note 9 Pro ,4,64,14999,14999,0,4.3
Xiaomi,Redmi Y2 ,Black,Xiaomi Redmi Y2 ,4,64,10999,10999,0,4.3
Apple,iPhone 12 Mini ,Red,Apple iPhone 12 Mini ,4,256,71999,74900,2901,4.5
Lenovo,A2010 ,Black,Lenovo A2010 ,1,8,5490,5490,0,3.9
Apple,iPhone 13 Pro ,Sierra Blue,Apple iPhone 13 Pro ,6,512,149900,149900,0,4.2
SAMSUNG,Metro 350,Black,SAMSUNG Metro 350,32,16,2940,2940,0,4.1
SAMSUNG,Galaxy F02s ,Diamond White,SAMSUNG Galaxy F02s ,3,32,9499,10499,1000,4.2
Lenovo,A6 Note ,Black,Lenovo A6 Note ,3,32,9999,9999,0,4.2
SAMSUNG,Galaxy M01s ,Light Blue,SAMSUNG Galaxy M01s ,3,32,10999,10999,0,4.2
realme,Narzo 20A ,Glory Silver,realme Narzo 20A ,4,64,9499,11999,2500,4.4
Infinix,Note 10,Purple,Infinix Note 10,4,64,10999,13999,3000,4.2
LG,G3 Beat ,White,LG G3 Beat ,1,8,15999,15999,0,3.8
Infinix,Note 4,Milan Black,Infinix Note 4,3,32,8999,8999,0,4.2
vivo,Y20G 2021 ,Obsidian Black,vivo Y20G 2021 ,6,128,29990,34990,5000,4.3
Xiaomi,Redmi 5 ,Lake Blue,Xiaomi Redmi 5 ,3,32,8990,8990,0,4.2
Xiaomi,11i 5G,Purple Mist,Xiaomi 11i 5G,8,128,28999,33999,5000,4.3
Apple,iPhone 12 Mini ,White,Apple iPhone 12 Mini ,4,64,56999,59900,2901,4.5
SAMSUNG,Galaxy S9 ,Lilac Purple,SAMSUNG Galaxy S9 ,4,128,39900,39900,0,4.4
Apple,iPhone 13 ,Green,Apple iPhone 13 ,4,512,104900,109900,5000,4.7
Infinix,Smart 4 Plus,Midnight Black,Infinix Smart 4 Plus,3,32,9999,9999,0,4.4
Infinix,Hot 10S,Black,Infinix Hot 10S,4,64,9999,12999,3000,4.3
Apple,iPhone 6s Plus ,Gold,Apple iPhone 6s Plus ,2,16,49999,49999,0,4.4
Xiaomi,Redmi Note 5 ,Rose Gold,Xiaomi Redmi Note 5 ,3,32,9998,9998,0,4.4
ASUS,Zenfone Selfie ,Gold,ASUS Zenfone Selfie ,3,16,9999,9999,0,4
Nokia,110 TA-1302 DS,Black,Nokia 110 TA-1302 DS,4,4,1695,1695,0,4.1
Apple,iPhone 8 Plus ,Red,Apple iPhone 8 Plus ,3,256,59900,59900,0,4.6
Apple,iPhone 7 Plus ,Black,Apple iPhone 7 Plus ,3,128,42900,42900,0,4.5
Lenovo,S660 ,Gold,Lenovo S660 ,1,8,14999,14999,0,4
OPPO,A16,Pearl Blue,OPPO A16,4,64,13850,13850,0,4.2
Nokia,130,Black,Nokia 130,4,2,1600,1600,0,4.2
Infinix,Smart 5A,Ocean Wave,Infinix Smart 5A,2,32,7199,7999,800,4.4
Nokia,C01 Plus ,Blue,Nokia C01 Plus ,2,16,6499,6499,0,4.2
SAMSUNG,Galaxy On6 ,Black,SAMSUNG Galaxy On6 ,4,64,17600,17600,0,4.3
SAMSUNG,Galaxy Grand Neo Plus ,Midnight Black,SAMSUNG Galaxy Grand Neo Plus ,1,8,5999,5999,0,4
Apple,iPhone 6 ,Space Grey,Apple iPhone 6 ,1,32,30780,30780,0,4.4
Apple,iPhone 11 ,Red,Apple iPhone 11 ,4,64,49900,49900,0,4.6
SAMSUNG,Galaxy Fold 2 ,Mystic Black,SAMSUNG Galaxy Fold 2 ,12,256,149999,189999,40000,3
OPPO,A54,Crystal Black,OPPO A54,4,128,15990,15990,0,4.3
SAMSUNG,Galaxy F22 ,Denim Black,SAMSUNG Galaxy F22 ,6,128,14999,16999,2000,4.3
SAMSUNG,Galaxy S10 Lite ,Prism White,SAMSUNG Galaxy S10 Lite ,8,128,40999,43999,3000,4.5
OPPO,A5 2020,Mirror Black,OPPO A5 2020,3,64,14990,14990,0,4.4
Apple,iPhone XS ,Space Grey,Apple iPhone XS ,4,256,76999,103900,26901,4.7
realme,6 Pro ,Lightning Orange,realme 6 Pro ,6,128,18999,18999,0,4.4
SAMSUNG,Galaxy S20 Ultra ,Cosmic Gray,SAMSUNG Galaxy S20 Ultra ,12,128,103000,103000,0,4.2
vivo,S1,Diamond Black,vivo S1,6,128,22990,22990,0,4.4
SAMSUNG,Galaxy A21s ,Black,SAMSUNG Galaxy A21s ,6,64,15199,15380,181,4.2
SAMSUNG,Galaxy Note10 Lite ,Aura Glow,SAMSUNG Galaxy Note10 Lite ,6,128,37999,43000,5001,4.3
realme,GT Master Edition ,Cosmos Black,realme GT Master Edition ,6,128,25999,26999,1000,4.1
realme,GT Neo 2,Neo Black,realme GT Neo 2,8,128,31999,34999,3000,4.4
Apple,iPhone 13 Pro Max,Graphite,Apple iPhone 13 Pro Max,4,256,139900,139900,0,4.7
Apple,iPhone 12 ,Purple,Apple iPhone 12 ,4,64,63999,79900,15901,4.6
Apple,iPhone 6 ,Gold,Apple iPhone 6 ,1,128,49999,49999,0,4.4
realme,1,Black,realme 1,4,89,10990,14990,4000,4.4
LG,V30+ ,Black,LG V30+ ,4,128,29999,29999,0,4.3
Xiaomi,Redmi Y2 ,Black,Xiaomi Redmi Y2 ,3,32,9478,9478,0,4.3
GIONEE,F103 3 Version ,Black,GIONEE F103 3 Version ,3,16,7999,7999,0,3.5
SAMSUNG,Galaxy C7 Pro ,Navy Blue,SAMSUNG Galaxy C7 Pro ,4,64,26600,26600,0,4.4
GIONEE,Max ,Black,GIONEE Max ,2,32,6299,7990,1691,4.1
OPPO,A1K,Black,OPPO A1K,2,32,7990,10990,3000,4.3
SAMSUNG,On7 Pro ,Black,SAMSUNG On7 Pro ,2,16,6549,9490,2941,4.1
Infinix,Note 11 ,Graphite Black,Infinix Note 11 ,6,128,14499,16999,2500,4.5
POCO,M3 ,Cool Blue,POCO M3 ,4,64,10999,11999,1000,4.3
OPPO,A15S,Fancy White,OPPO A15S,4,64,12889,12989,100,4.3
GIONEE,S6S ,Mocha Gold,GIONEE S6S ,3,32,15999,15999,0,4
Xiaomi,Mi A3 ,Not just Blue,Xiaomi Mi A3 ,4,64,12990,14989,1999,4.2
Infinix,Zero 5 Pro,Bronze Gold Black,Infinix Zero 5 Pro,6,128,19999,19999,0,4.3
SAMSUNG,Guru FM Plus SM-B110E/D,Black,SAMSUNG Guru FM Plus SM-B110E/D,14,2,1448,1661,213,4.3
SAMSUNG,Galaxy Z Fold3 5G ,Phantom Black,SAMSUNG Galaxy Z Fold3 5G ,12,512,157999,179999,22000,4.4
Nokia,6,Silver,Nokia 6,3,32,7999,7999,0,3.9
Xiaomi,Redmi Note 6 Pro ,Blue,Xiaomi Redmi Note 6 Pro ,4,64,12999,12999,0,4.4
SAMSUNG,Galaxy M02 ,Grey,SAMSUNG Galaxy M02 ,2,32,8289,8289,0,4
Lenovo,Sisley S60 ,White,Lenovo Sisley S60 ,2,8,13999,13999,0,3.5
realme,GT Master Edition ,Voyager Grey,realme GT Master Edition ,8,256,29999,29999,0,4.3
Nokia,8110 4G,Black,Nokia 8110 4G,512,4,6699,6699,0,3.7
OPPO,F17,Navy Blue,OPPO F17,6,128,16990,20990,4000,4.2
realme,GT Master Edition ,Daybreak Blue,realme GT Master Edition ,8,128,27999,29999,2000,4.4
Google Pixel,3,Clearly White,Google Pixel 3,4,64,71000,71000,0,4.5
realme,8i ,Space Purple,realme 8i ,4,64,13999,15999,2000,4.2
realme,5i ,Aqua Blue,realme 5i ,4,128,11999,11999,0,4.5
Motorola,Quench X T3,Black,Motorola Quench X T3,512,16,14939,14939,0,2.4
OPPO,F7,Red,OPPO F7,6,128,27990,27990,0,4.5
GIONEE,P7 ,White,GIONEE P7 ,2,16,4990,4990,0,3.8
SAMSUNG,Galaxy S20 FE ,Cloud Navy,SAMSUNG Galaxy S20 FE ,8,128,49999,65999,16000,4
SAMSUNG,M52 5G,Icy Blue,SAMSUNG M52 5G,8,128,27239,31489,4250,4.3
Motorola,G,Black,Motorola G,1,16,9999,9999,0,4.4
Apple,iPhone 7 Plus ,Jet Black,Apple iPhone 7 Plus ,3,256,85400,85400,0,4.5
Xiaomi,Redmi Note 7 ,Onyx Black,Xiaomi Redmi Note 7 ,4,64,11748,12690,942,4.3
Apple,iPhone 11 Pro ,Silver,Apple iPhone 11 Pro ,4,256,121300,121300,0,4.6
Xiaomi,REDMI 9 Prime ,Sunrise Flare,Xiaomi REDMI 9 Prime ,4,128,13999,13999,0,4.3
SAMSUNG,Galaxy J2 Pro ,Silver,SAMSUNG Galaxy J2 Pro ,2,16,8200,8200,0,4.2
SAMSUNG,Galaxy M31 ,Iceberg blue,SAMSUNG Galaxy M31 ,6,128,17989,17989,0,4.3
SAMSUNG,Galaxy Z Fold3 5G ,Phantom Black,SAMSUNG Galaxy Z Fold3 5G ,12,512,157999,179999,22000,4.4
SAMSUNG,Galaxy S21 Plus ,Phantom Black,SAMSUNG Galaxy S21 Plus ,8,128,71999,100999,29000,4.4
realme,X2 ,Pearl Green,realme X2 ,8,256,24999,24999,0,4.5
Infinix,Hot 11,Emerald Green,Infinix Hot 11,4,64,9999,11999,2000,4.4
SAMSUNG,Galaxy Grand Neo ,White,SAMSUNG Galaxy Grand Neo ,1,8,13500,13500,0,3.8
vivo,X60 Pro,Shimmer Blue,vivo X60 Pro,12,256,48780,48780,0,5
Nokia,222,Black,Nokia 222,16,32,2860,2860,0,4.1
SAMSUNG,Galaxy A50s ,Prism Crush Black,SAMSUNG Galaxy A50s ,6,128,21099,26900,5801,4.3
SAMSUNG,Galaxy J2 2018 ,Gold,SAMSUNG Galaxy J2 2018 ,2,16,7500,7500,0,4.3
Apple,iPhone XR ,White,Apple iPhone XR ,3,256,91900,91900,0,4.6
Lenovo,Vibe K5 Note ,Grey,Lenovo Vibe K5 Note ,3,32,10999,10999,0,4.1
Infinix,Hot 4 Pro,Bordeaux Red ,Infinix Hot 4 Pro,3,16,7499,7499,0,4
SAMSUNG,Galaxy E7 ,Blue,SAMSUNG Galaxy E7 ,2,16,18340,18340,0,4.3
SAMSUNG,Galaxy S21 ,Phantom Gray,SAMSUNG Galaxy S21 ,8,256,73999,87999,14000,4.3
Lenovo,A6600 Plus ,White,Lenovo A6600 Plus ,2,16,6266,6266,0,3.9
Xiaomi,Redmi Note 4 ,Black,Xiaomi Redmi Note 4 ,4,64,9999,9999,0,4.5
SAMSUNG,Galaxy M21 ,Iceberg Blue,SAMSUNG Galaxy M21 ,4,64,13760,13760,0,4.3
Lenovo,K10 Note ,Black,Lenovo K10 Note ,4,64,16999,16999,0,4.1
Apple,iPhone XR ,Black,Apple iPhone XR ,3,64,42999,47900,4901,4.6
Nokia,9,Blue,Nokia 9,6,128,56299,56299,0,3.8
OPPO,Reno7 Pro 5G,Startrails Blue,OPPO Reno7 Pro 5G,12,256,39999,47990,7991,4.2
SAMSUNG,B351E/Metro 350,Black,SAMSUNG B351E/Metro 350,32,2,2870,2870,0,4.2
ASUS,Zenfone Go ,Silver,ASUS Zenfone Go ,1,8,5299,5299,0,3.8
realme,Narzo 50i ,Mint Green,realme Narzo 50i ,2,32,7499,7999,500,4.4
Nokia,C20 Plus ,Blue,Nokia C20 Plus ,2,32,8999,10499,1500,4.4
realme,C2 ,Diamond Black,realme C2 ,2,16,6499,6999,500,4.4
ASUS,Zenfone Go 5.0 LTE 2nd Gen ,Black,ASUS Zenfone Go 5.0 LTE 2nd Gen ,2,16,4999,4999,0,3.6
LG,W30 Pro ,Midnight Purple,LG W30 Pro ,4,64,13998,13998,0,3.8
OPPO,F19s,Glowing Gold,OPPO F19s,6,128,19990,22990,3000,4.2
LG,K8 ,Black & Blue,LG K8 ,2,16,5699,5699,0,3.8
vivo,Y20A 2021 ,Dawn White,vivo Y20A 2021 ,3,64,29990,32990,3000,4.4
Apple,iPhone 12 Pro Max ,Silver,Apple iPhone 12 Pro Max ,14,512,149900,149900,0,4.6
Apple,iPhone 11 Pro ,Space Grey,Apple iPhone 11 Pro ,4,256,99900,121300,21400,4.6
OPPO,A53,Moonlight Black,OPPO A53,6,128,13990,17990,4000,4.3
realme,X2 ,Pearl White,realme X2 ,4,89,17999,17999,0,4.5
Motorola,G6 Play,Indigo Black,Motorola G6 Play,3,32,12999,12999,0,4.1
LG,Q6 ,Black,LG Q6 ,3,32,16990,16990,0,4
Xiaomi,Redmi Note 9 Pro ,Aurora Blue,Xiaomi Redmi Note 9 Pro ,4,64,15990,16999,1009,4.3
realme,9 Pro 5G,Sunrise Blue ,realme 9 Pro 5G,6,128,17999,21999,4000,4.4
Nokia,125 DS,Black,Nokia 125 DS,4,4,2249,2249,0,3.8
Google Pixel,3,Clearly White,Google Pixel 3,4,128,80000,80000,0,4.5
LG,Q7+ ,Lavender Violet,LG Q7+ ,4,64,21001,21001,0,3.2
SAMSUNG,Galaxy A30s ,Prism Crush Violet,SAMSUNG Galaxy A30s ,4,64,18900,18900,0,4.3
Apple,iPhone X ,Space Gray,Apple iPhone X ,3,256,106900,106900,0,4.6
Google Pixel,2,Just Black,Google Pixel 2,4,64,61000,61000,0,4.6
realme,Narzo 20 ,Victory Blue,realme Narzo 20 ,4,64,10499,12999,2500,4.3
POCO,M4 Pro,Power Black,POCO M4 Pro,8,128,17999,21999,4000,4.4
HTC,U11+ ,Amazing Silver,HTC U11+ ,6,128,56990,56990,0,4.7
Infinix,Hot 10 Play,Aegean Blue,Infinix Hot 10 Play,4,64,9299,10999,1700,4.3
ASUS,ZenFone Max Pro M2 ,Blue,ASUS ZenFone Max Pro M2 ,6,64,19999,19999,0,4.3
vivo,X70 Pro ,Aurora Dawn,vivo X70 Pro ,8,128,46990,51990,5000,4.5
SAMSUNG,Galaxy J2 Pro ,Black,SAMSUNG Galaxy J2 Pro ,2,16,8200,8200,0,4.2
SAMSUNG,Galaxy A10s ,Green,SAMSUNG Galaxy A10s ,3,32,11000,11000,0,4.3
SAMSUNG,Galaxy S9 ,Midnight Black,SAMSUNG Galaxy S9 ,4,64,62500,62500,0,4.4
Xiaomi,Redmi Y2 ,Dark Grey,Xiaomi Redmi Y2 ,4,64,10888,10888,0,4.3
Infinix,Note 11S,Mithril Grey,Infinix Note 11S,6,64,13999,16999,3000,4.3
realme,9 5G,Stargaze White,realme 9 5G,4,64,14999,18999,4000,4.5
Apple,iPhone 13 ,Red,Apple iPhone 13 ,4,256,89900,89900,0,4.2
Infinix,Zero 5,Champagne Gold,Infinix Zero 5,6,64,17999,17999,0,4.3
IQOO,3,Tornado Black,IQOO 3,8,128,34990,37990,3000,4.4
ASUS,Zenfone Go 2nd Gen,White,ASUS Zenfone Go 2nd Gen,1,8,5299,5299,0,3.7
realme,8,Cyber Black,realme 8,4,128,15999,16999,1000,4.3
Apple,iPhone 12 Mini ,Black,Apple iPhone 12 Mini ,4,256,71999,74900,2901,4.5
realme,X2 ,Pearl White,realme X2 ,8,128,20999,20999,0,4.5
LG,G7 ThinQ ,Platinum,LG G7 ThinQ ,4,64,50000,50000,0,4.4
SAMSUNG,Galaxy A9 ,Lemonade Blue,SAMSUNG Galaxy A9 ,8,128,39000,39000,0,4.3
GIONEE,Elife E7 Mini ,White,GIONEE Elife E7 Mini ,1,16,9999,9999,0,3.8
Apple,iPhone 11 ,Yellow,Apple iPhone 11 ,4,64,49900,49900,0,4.6
Apple,iPhone 13 Pro ,Graphite,Apple iPhone 13 Pro ,6,512,149900,149900,0,4.2
POCO,C31,Shadow Grey,POCO C31,4,64,8999,11999,3000,4.4
OPPO,A53s 5G,Crystal Blue,OPPO A53s 5G,8,128,17990,18990,1000,4.3
Lenovo,A5000 ,Black,Lenovo A5000 ,1,8,6499,6499,0,4
realme,5s ,Crystal Blue,realme 5s ,4,128,11999,12999,1000,4.5
Apple,iPhone 6 ,Silver,Apple iPhone 6 ,1,128,71500,71500,0,4.4
POCO,F1,Rosso Red,POCO F1,8,256,30999,30999,0,4.5
Nokia,225 4G DS 2020,Black,Nokia 225 4G DS 2020,64,128,3899,4399,500,3.7
SAMSUNG,Galaxy M21 ,Raven Black,SAMSUNG Galaxy M21 ,6,128,15499,15499,0,4.2
SAMSUNG,Galaxy M21 2021 Edition ,Arctic Blue,SAMSUNG Galaxy M21 2021 Edition ,4,64,13899,13990,91,4.2
Xiaomi,Redmi Note 9 Pro ,Interstellar Black,Xiaomi Redmi Note 9 Pro ,4,128,17990,17990,0,4.2
SAMSUNG,Galaxy A12 ,Black,SAMSUNG Galaxy A12 ,6,128,16499,17999,1500,3.9
Xiaomi,Mi A2 ,Red,Xiaomi Mi A2 ,6,128,14443,14443,0,4.4
LG,K10 2017 ,Black,LG K10 2017 ,2,16,9000,9000,0,4.1
Nokia,3.2,Black,Nokia 3.2,3,32,10499,10999,500,4.1
OPPO,A9,Marble Green,OPPO A9,4,128,12990,16990,4000,4.4
Nokia,5.1 Plus ,Black,Nokia 5.1 Plus ,3,32,13199,13199,0,4.3
POCO,F3 GT,Predator Black,POCO F3 GT,8,128,28999,34999,6000,4.3
Apple,iPhone SE ,White,Apple iPhone SE ,2,256,54900,54900,0,4.5
SAMSUNG,Galaxy A5-2017 ,Gold Sand,SAMSUNG Galaxy A5-2017 ,3,32,22900,22900,0,4.1
realme,X7 Max,Mercury Silver,realme X7 Max,8,128,26999,29999,3000,4.4
Apple,iPhone SE ,Black,Apple iPhone SE ,2,64,32999,39900,6901,4.5
OPPO,Rohit Sharma Limited Edition,Black,OPPO Rohit Sharma Limited Edition,4,64,22990,22990,0,4.4
realme,X3 SuperZoom ,Glacier Blue,realme X3 SuperZoom ,8,256,29999,31999,2000,4.3
Infinix,Hot S3,Sandstone Black,Infinix Hot S3,3,32,9999,9999,0,4.2
Apple,iPhone SE ,White,Apple iPhone SE ,2,256,54900,54900,0,4.5
Apple,iPhone 12 Mini ,Purple,Apple iPhone 12 Mini ,4,256,71999,74900,2901,4.5
vivo,Y1S ,Olive Black,vivo Y1S ,8,128,13890,13990,100,4.3
Lenovo,A1000 ,White,Lenovo A1000 ,1,8,3549,3549,0,3.8
realme,X50 Pro ,Rust Red,realme X50 Pro ,8,128,41999,41999,0,4.3
SAMSUNG,Galaxy M02 ,Black,SAMSUNG Galaxy M02 ,2,32,8229,8229,0,4
Apple,iPhone 6s Plus ,Silver,Apple iPhone 6s Plus ,2,128,70000,70000,0,4.4
ASUS,ZenFone Max M2 ,Black,ASUS ZenFone Max M2 ,3,32,12999,12999,0,4.3
Nokia,5,Matte Black,Nokia 5,3,16,12499,12499,0,4.1
Nokia,C20 Plus ,Grey,Nokia C20 Plus ,3,32,9999,11099,1100,3.8
LG,L 80 Dual ,White,LG L 80 Dual ,1,4,14162,14162,0,3.7
SAMSUNG,On5 Pro ,Gold,SAMSUNG On5 Pro ,2,16,6480,7990,1510,4.2
Lenovo,K8 Plus ,Fine Gold,Lenovo K8 Plus ,4,32,11999,11999,0,4.1
realme,Narzo 50A ,Oxygen Green,realme Narzo 50A ,4,128,12499,13999,1500,4.4
SAMSUNG,Galaxy Note 5 ,Black Sapphire,SAMSUNG Galaxy Note 5 ,4,32,30495,30495,0,3.9
realme,1,Diamond Red,realme 1,4,64,9490,9490,0,4.4
GIONEE,A1 Plus ,Black,GIONEE A1 Plus ,4,64,16499,16499,0,4.1
SAMSUNG,Galaxy S21 ,Phantom Violet,SAMSUNG Galaxy S21 ,8,128,69999,83999,14000,4.3
realme,7,Mist White,realme 7,6,64,14999,17999,3000,4.3
Motorola,E7 Power ,Coral Red,Motorola E7 Power ,4,64,8799,11999,3200,4.1
OPPO,A83,Champagne,OPPO A83,3,32,14995,14995,0,4.4
vivo,Y21A,Midnight Blue,vivo Y21A,4,64,14449,14449,0,4.1
realme,X3 SuperZoom ,Glacier Blue,realme X3 SuperZoom ,12,256,32999,34999,2000,4.2
LG,K10 2017 ,Gold & Black,LG K10 2017 ,2,16,9990,9990,0,4.1
ASUS,6Z ,Black,ASUS 6Z ,6,64,35999,35999,0,4.3
Motorola,G4 Plus,Black,Motorola G4 Plus,2,16,6999,13499,6500,4
Nokia,8.1,Iron,Nokia 8.1,6,128,21999,31999,10000,4.3
SAMSUNG,Galaxy J1 ,Blue,SAMSUNG Galaxy J1 ,512,4,7454,7454,0,4
vivo,X50  ,Frost Blue,vivo X50  ,8,128,39990,39990,0,4.3
realme,Narzo 10 ,That Blue,realme Narzo 10 ,4,128,11999,12999,1000,4.5
Nokia,3.1 Plus ,White,Nokia 3.1 Plus ,3,32,7399,7399,0,4.2
SAMSUNG,Galaxy M21 ,Iceberg Blue,SAMSUNG Galaxy M21 ,6,128,15990,15990,0,4.2
SAMSUNG,Galaxy S7 Edge ,Black Onyx,SAMSUNG Galaxy S7 Edge ,4,32,41900,41900,0,4.4
Infinix,Zero 5,Sandstone Black,Infinix Zero 5,6,64,17999,17999,0,4.3
SAMSUNG,Galaxy M31s ,Mirage Blue,SAMSUNG Galaxy M31s ,6,128,19178,19900,722,4.3
Infinix,Hot 10 Play,Morandi Green,Infinix Hot 10 Play,3,32,8299,9999,1700,4.3
SAMSUNG,Guru FM Plus,Black,SAMSUNG Guru FM Plus,14,2,1445,1445,0,4.2
Infinix,Hot 9 Pro,Quetzal Cyan,Infinix Hot 9 Pro,4,64,12999,12999,0,4.4
Xiaomi,Redmi Note 8 ,Space Black,Xiaomi Redmi Note 8 ,4,64,11999,11999,0,2.3
Nokia,6310,Black,Nokia 6310,8,16,4189,4189,0,4.2
ASUS,6Z ,Black,ASUS 6Z ,6,128,38999,38999,0,4.3
SAMSUNG,S20 FE 5G ,Cloud Navy,SAMSUNG S20 FE 5G ,8,128,49990,56990,7000,4.2
Apple,iPhone 13 Pro Max ,Sierra Blue,Apple iPhone 13 Pro Max ,6,128,129900,129900,0,4.2
SAMSUNG,Galaxy S6 ,White Pearl,SAMSUNG Galaxy S6 ,3,64,55900,55900,0,4
realme,9 Pro+ 5G,Aurora Green,realme 9 Pro+ 5G,8,128,26999,29999,3000,4.4
vivo,Y73 ,Roman Black,vivo Y73 ,14,128,29990,32990,3000,4.2
SAMSUNG,Galaxy A22 5G ,Mint,SAMSUNG Galaxy A22 5G ,8,128,23596,23696,100,4.2
vivo,Y94,Nebula Purple,vivo Y94,4,32,15990,15990,0,4.4
Nokia,3.1 Plus ,Blue,Nokia 3.1 Plus ,3,32,8299,8299,0,4.2
realme,Narzo 30A ,Laser Blue,realme Narzo 30A ,4,64,10499,10999,500,4.3
LG,K10 K420DS ,Black Gold,LG K10 K420DS ,2,16,6980,6980,0,4
OPPO,Find X,Glacier Blue,OPPO Find X,8,256,60990,60990,0,4.6
SAMSUNG,Guru Plus B110,Black,SAMSUNG Guru Plus B110,512,512,1700,1700,0,4.2
Apple,iPhone 11 Pro ,Gold,Apple iPhone 11 Pro ,4,512,140300,140300,0,4.6
realme,GT Master Edition ,Luna White ,realme GT Master Edition ,8,128,27999,29999,2000,4.3
Infinix,Hot 10S,Heart of Ocean,Infinix Hot 10S,4,64,9999,12999,3000,4.3
SAMSUNG,M01 core ,Black,SAMSUNG M01 core ,2,32,5999,5999,0,3.9
vivo,S1,Skyline Blue,vivo S1,6,64,20990,20990,0,4.4
SAMSUNG,Galaxy M10 ,Ocean Blue,SAMSUNG Galaxy M10 ,3,32,8690,9290,600,4.3
Xiaomi,REDMI Note 9 ,Arctic White,Xiaomi REDMI Note 9 ,4,64,11999,14999,3000,4.3
GIONEE,X-1 ,Black,GIONEE X-1 ,2,16,4650,4650,0,4
Nokia,5,Copper,Nokia 5,2,16,6999,14190,7191,4
SAMSUNG,Z2 ,Gold,SAMSUNG Z2 ,1,8,4790,4790,0,3.6
Google Pixel,Quite Black,Black,Google Pixel Quite Black,4,128,66000,66000,0,4.4
Motorola,One Fusion+ ,Twilight Blue,Motorola One Fusion+ ,6,128,17499,19999,2500,4.4
GIONEE,A1 ,Black,GIONEE A1 ,4,64,7899,7899,0,4
OPPO,F3,Rose Gold,OPPO F3,4,64,18000,18000,0,4.3
SAMSUNG,M02s ,Black,SAMSUNG M02s ,3,32,9639,9639,0,4.2
Lenovo,A536 ,White,Lenovo A536 ,1,8,9999,9999,0,3.8
OPPO,F5,Gold,OPPO F5,4,32,19990,19990,0,4.4
OPPO,Reno2 Z,Sky White,OPPO Reno2 Z,8,256,29489,32990,3501,4.5
Motorola,G 3rd Generation ,Black,Motorola G 3rd Generation ,1,8,9999,9999,0,4.2
SAMSUNG,Galaxy M01 ,Blue,SAMSUNG Galaxy M01 ,3,32,9990,9990,0,4.2
SAMSUNG,Galaxy S21 SE 5G,Lavender  ,SAMSUNG Galaxy S21 SE 5G,8,128,59990,59990,0,4.3
Lenovo,S90 Or Sisley S90 ,Grey,Lenovo S90 Or Sisley S90 ,2,32,12999,12999,0,3.6
SAMSUNG,Galaxy S9 ,Midnight Black,SAMSUNG Galaxy S9 ,4,256,65900,65900,0,4.4
SAMSUNG,Galaxy M30S ,Pearl white,SAMSUNG Galaxy M30S ,4,128,16999,16999,0,4.3
Xiaomi,Redmi 7 ,Comet Blue,Xiaomi Redmi 7 ,2,32,9490,9490,0,4.5
SAMSUNG,Grand Prime 4G ,White,SAMSUNG Grand Prime 4G ,1,8,7999,7999,0,4
Motorola,E5 Plus,Black,Motorola E5 Plus,3,32,11999,11999,0,4.2
Infinix,Smart 2,Sandstone Black,Infinix Smart 2,3,32,7946,7999,53,4.1
Infinix,Smart HD 2021,Topaz Blue,Infinix Smart HD 2021,2,32,7990,7990,0,4.3
SAMSUNG,Galaxy A5-2017 ,Black Sky,SAMSUNG Galaxy A5-2017 ,3,32,22900,22900,0,4.1
LG,Q Stylus+ ,Black,LG Q Stylus+ ,4,64,24000,24000,0,4
realme,U1 ,Aitious Black,realme U1 ,3,32,8285,8285,0,4.4
OPPO,Reno5 Pro 5G,Starry Black,OPPO Reno5 Pro 5G,8,128,35990,38990,3000,4.4
SAMSUNG,Galaxy A72 ,Awesome Black,SAMSUNG Galaxy A72 ,8,128,34999,41999,7000,4.3
POCO,F1,Armoured Edition,POCO F1,8,256,30999,30999,0,4.5
HTC,Desire 826 DS,White Birch,HTC Desire 826 DS,2,16,18249,18249,0,3.7
Infinix,Zero 5,Bordeaux Red ,Infinix Zero 5,6,64,17999,17999,0,4.3
ASUS,Zenfone Selfie ,Aqua Blue,ASUS Zenfone Selfie ,3,32,11999,11999,0,4
Motorola,G60 ,Dynamic Gray,Motorola G60 ,6,128,17999,21999,4000,4.2
SAMSUNG,Galaxy Z Flip3 5G ,Cream,SAMSUNG Galaxy Z Flip3 5G ,8,128,84999,95999,11000,4.3
HTC,10,Carbon Grey,HTC 10,4,32,47990,47990,0,4.2
SAMSUNG,Galaxy A12 ,Blue,SAMSUNG Galaxy A12 ,6,128,14999,14999,0,3.9
realme,9 Pro+ 5G,Aurora Green,realme 9 Pro+ 5G,6,128,24999,27999,3000,4.4
SAMSUNG,Galaxy F41 ,Fusion Black,SAMSUNG Galaxy F41 ,6,128,14499,20999,6500,4.3
SAMSUNG,M31s ,Mirage Blue,SAMSUNG M31s ,8,128,20949,20949,0,4.3
Apple,iPhone 11 ,White,Apple iPhone 11 ,4,128,54900,54900,0,4.6
Xiaomi,Redmi 8A Dual ,Sky White,Xiaomi Redmi 8A Dual ,3,64,8561,8561,0,4.2
Infinix,S5 Lite,Violet,Infinix S5 Lite,4,64,9999,9999,0,4.3
Infinix,Hot 7 Pro,Midnight Black,Infinix Hot 7 Pro,6,64,10999,10999,0,4.2
Infinix,Hot S3X,Milan Black,Infinix Hot S3X,3,32,10999,10999,0,4.2
Motorola,G40 Fusion ,Dynamic Gray,Motorola G40 Fusion ,4,64,14499,16999,2500,4.3
realme,9 5G,Meteor Black,realme 9 5G,6,128,17499,20999,3500,4.8
ASUS,Zenfone Go ,Silver,ASUS Zenfone Go ,1,8,5699,5699,0,3.8
realme,3,Diamond Red,realme 3,4,64,9499,12999,3500,4.4
SAMSUNG,Galaxy S8 Plus ,Midnight Black,SAMSUNG Galaxy S8 Plus ,6,128,48669,48669,0,4.6
Lenovo,A6000 Plus ,White,Lenovo A6000 Plus ,2,16,7499,7499,0,4.1
vivo,Z1 Pro,Sonic Blue,vivo Z1 Pro,6,64,17990,17990,0,4.5
OPPO,F3 Deepika Padukone Limited Edition,Rose Gold,OPPO F3 Deepika Padukone Limited Edition,4,64,17000,17000,0,4.3
Apple,iPhone 11 ,Green,Apple iPhone 11 ,4,256,64900,64900,0,4.6
vivo,X60 ,Shimmer Blue,vivo X60 ,3,64,8205,8205,0,4.4
realme,X3 ,Glacier Blue,realme X3 ,6,128,24999,26999,2000,4.4
GIONEE,P5L ,White,GIONEE P5L ,1,16,5199,5199,0,3.7
Infinix,Smart 5A,Midnight Black,Infinix Smart 5A,2,32,7199,7999,800,4.4
SAMSUNG,Galaxy J1 ,White,SAMSUNG Galaxy J1 ,1,8,7550,7550,0,4
Xiaomi,Redmi Note 6 Pro ,Rose Gold,Xiaomi Redmi Note 6 Pro ,4,64,12449,15990,3541,4.4
SAMSUNG,Galaxy F62 ,Laser Grey,SAMSUNG Galaxy F62 ,6,128,23999,29999,6000,4.2
SAMSUNG,Galaxy Grand Quattro ,Ceramic White,SAMSUNG Galaxy Grand Quattro ,1,8,6999,6999,0,4
Lenovo,A2010 ,White,Lenovo A2010 ,1,8,4990,4990,0,3.9
realme,9 5G,Meteor Black,realme 9 5G,4,64,14999,18999,4000,4.5
OPPO,A5,Diamond Red,OPPO A5,4,64,15990,15990,0,4.4
SAMSUNG,Galaxy S Duos 3 ,Charcoal Grey,SAMSUNG Galaxy S Duos 3 ,512,4,6499,6499,0,4
SAMSUNG,Galaxy A7 ,Midnight Black,SAMSUNG Galaxy A7 ,2,16,19990,19990,0,4.1
Xiaomi,Redmi Note 11T 5G,Matte Black,Xiaomi Redmi Note 11T 5G,6,64,18979,18999,20,4.3
Apple,iPhone 13 ,Pink,Apple iPhone 13 ,4,512,109900,109900,0,4.2
realme,7i ,Fusion Blue,realme 7i ,4,128,14999,14999,0,4.3
GIONEE,M5 Lite 4G ,Blue,GIONEE M5 Lite 4G ,3,32,7290,7290,0,4.1
SAMSUNG,Galaxy A30 ,Black,SAMSUNG Galaxy A30 ,4,64,17500,17500,0,4.4
Apple,iPhone 7 Plus ,Silver,Apple iPhone 7 Plus ,3,256,85400,85400,0,4.5
SAMSUNG,Galaxy Note 9 ,Metallic Copper,SAMSUNG Galaxy Note 9 ,6,128,73600,73600,0,4.6
Motorola,G4,White,Motorola G4,2,16,6999,6999,0,3.9
Lenovo,Vibe K5 Plus ,Gold,Lenovo Vibe K5 Plus ,3,16,7999,7999,0,4
SAMSUNG,Galaxy A22 5G ,Violet,SAMSUNG Galaxy A22 5G ,6,128,20696,21995,1299,4.3
vivo,Y51A ,Crystal Symphony,vivo Y51A ,4,32,19490,22990,3500,4.4
Xiaomi,Redmi 9 ,Sporty Orange,Xiaomi Redmi 9 ,4,64,9828,10760,932,4.4
realme,Narzo 10 ,That White,realme Narzo 10 ,4,128,11999,12999,1000,4.5
SAMSUNG,Galaxy S7 Edge ,Gold Platinum,SAMSUNG Galaxy S7 Edge ,4,32,41900,41900,0,4.4
realme,X7 Max,Mercury Silver,realme X7 Max,12,256,29999,32999,3000,4.4
Nokia,6310,Black,Nokia 6310,16,8,4199,4199,0,4.2
Apple,iPhone 6 ,Space Grey,Apple iPhone 6 ,1,16,52000,52000,0,4.4
SAMSUNG,Galaxy J4 ,Blue,SAMSUNG Galaxy J4 ,3,32,13023,13023,0,4.2
GIONEE,Pioneer P6 ,Grey,GIONEE Pioneer P6 ,1,8,4150,4150,0,3.7
ASUS,ZenFone Max M1 ,Gold,ASUS ZenFone Max M1 ,3,32,9599,9599,0,4.2
Motorola,G4 Plus,White,Motorola G4 Plus,3,32,6999,6999,0,4
SAMSUNG,Galaxy S7 Edge ,Pink Gold,SAMSUNG Galaxy S7 Edge ,4,32,36900,36900,0,4.4
Motorola,M,Silver,Motorola M,3,32,14999,14999,0,3.9
Lenovo,Vibe Shot ,Red,Lenovo Vibe Shot ,3,32,18999,18999,0,3.7
OPPO,A3s,Red,OPPO A3s,4,64,13990,13990,0,4.3
realme,6 Pro ,Lightning Blue,realme 6 Pro ,8,128,19999,19999,0,4.4
Lenovo,A5 ,Black,Lenovo A5 ,3,32,7999,7999,0,4.1
Apple,iPhone XR ,Yellow,Apple iPhone XR ,3,64,42999,47900,4901,4.6
Motorola,G6,Indigo Black,Motorola G6,3,32,13999,13999,0,4.2
OPPO,Reno6 5G,Stellar Black,OPPO Reno6 5G,8,128,29990,35990,6000,4.3
SAMSUNG,Galaxy M30s ,Blue,SAMSUNG Galaxy M30s ,6,128,15990,15990,0,4.1
SAMSUNG,Galaxy A7 2016 Edition ,Black,SAMSUNG Galaxy A7 2016 Edition ,3,16,20700,20700,0,4.1
SAMSUNG,Galaxy A20s ,Black,SAMSUNG Galaxy A20s ,4,64,14900,14900,0,4.3
SAMSUNG,Galaxy A6+ ,Blue,SAMSUNG Galaxy A6+ ,4,64,25600,25600,0,4.4
realme,Narzo 50A ,Oxygen Green,realme Narzo 50A ,4,64,11499,12999,1500,4.4
Apple,iPhone 13 Pro ,Sierra Blue,Apple iPhone 13 Pro ,6,1,169900,169900,0,4.2
Nokia,2.1,Grey / Silver,Nokia 2.1,1,8,7739,7739,0,4
Apple,iPhone 12 Mini ,White,Apple iPhone 12 Mini ,4,128,61999,64900,2901,4.5
SAMSUNG,Galaxy J2-2017 ,Absolute black,SAMSUNG Galaxy J2-2017 ,1,8,6000,6000,0,4.2
Nokia,8 Sirocco ,Black,Nokia 8 Sirocco ,6,128,29990,29990,0,4.3
OPPO,F17 Pro,Metallic White,OPPO F17 Pro,8,128,19990,25990,6000,4.3
SAMSUNG,Galaxy S9 ,Lilac Purple,SAMSUNG Galaxy S9 ,4,64,62500,62500,0,4.4
vivo,X60 ,Midnight Black,vivo X60 ,4,64,16490,16490,0,4.4
Apple,iPhone 6 ,Silver,Apple iPhone 6 ,1,16,36990,36990,0,4.4
OPPO,A16,CRYSTAL BLACK,OPPO A16,4,64,13990,15990,2000,4.2
SAMSUNG,Galaxy Note 5 ,Silver,SAMSUNG Galaxy Note 5 ,4,32,56999,56999,0,3.9
Lenovo,S850 ,White,Lenovo S850 ,1,16,18499,18499,0,4
vivo,U12,Electric Blue,vivo U12,4,64,13990,13990,0,4.4
POCO,F3 GT,Predator Black,POCO F3 GT,8,256,30999,36999,6000,4.3
Lenovo,P780 ,Deep Black,Lenovo P780 ,1,4,15410,15410,0,4.1
SAMSUNG,Galaxy A8 ,Gold,SAMSUNG Galaxy A8 ,2,32,25990,25990,0,4.2
Motorola,M,Silver,Motorola M,4,64,10910,10910,0,3.9
realme,3i ,Diamond Red,realme 3i ,4,64,10499,10999,500,4.4
Apple,iPhone 12 ,Blue,Apple iPhone 12 ,4,128,68999,70900,1901,4.6
OPPO,A54,Starry Blue,OPPO A54,4,64,14990,14990,0,4.3
ASUS,Zenfone Go 4.5 LTE ,Red,ASUS Zenfone Go 4.5 LTE ,1,8,4890,4890,0,3.6
realme,8 Pro ,Infinite Blue,realme 8 Pro ,6,128,17999,19999,2000,4.3
Lenovo,K9 ,Blue,Lenovo K9 ,3,32,9999,9999,0,4.2
ASUS,Zenfone Selfie ,Pink,ASUS Zenfone Selfie ,3,16,12490,12490,0,4
Apple,iPhone 7 ,Black,Apple iPhone 7 ,2,32,24999,31500,6501,4.5
Apple,iPhone 11 ,Black,Apple iPhone 11 ,4,256,64900,64900,0,4.6
Xiaomi,Redmi Y2 ,Gold,Xiaomi Redmi Y2 ,4,64,10999,10999,0,4.3
vivo,V20 SE ,Gravity Black,vivo V20 SE ,3,32,17999,17999,0,4.3
Apple,iPhone XR ,Coral,Apple iPhone XR ,3,128,47999,52900,4901,4.6
Apple,iPhone 11 ,Yellow,Apple iPhone 11 ,4,256,64900,64900,0,4.6
OPPO,F1S,Gold,OPPO F1S,4,64,18990,18990,0,4.3
realme,7,Mist Blue,realme 7,6,64,14999,17999,3000,4.3
realme,C21 ,Cross Blue,realme C21 ,4,64,9999,10999,1000,4.4
Xiaomi,Redmi Y1 ,Rose Gold,Xiaomi Redmi Y1 ,3,32,8990,8990,0,4.3
Apple,iPhone 12 Pro ,Silver,Apple iPhone 12 Pro ,6,256,119900,119900,0,4.6
Apple,iPhone 12 Mini ,Purple,Apple iPhone 12 Mini ,4,128,61999,64900,2901,4.5
SAMSUNG,Galaxy S9 Plus ,Coral Blue,SAMSUNG Galaxy S9 Plus ,6,64,70000,70000,0,4.5
realme,U1 ,Fiery Gold,realme U1 ,4,64,11990,15499,3509,4.4
realme,X2 ,Pearl Blue,realme X2 ,6,128,19999,19999,0,4.5
realme,X7 Max,Asteroid Black,realme X7 Max,12,256,29999,32999,3000,4.3
SAMSUNG,Guru Music 2,Black,SAMSUNG Guru Music 2,14,16,1882,1882,0,4.3
OPPO,F19 Pro,Fantastic Purple,OPPO F19 Pro,8,256,23490,25990,2500,4.3
realme,X3 SuperZoom ,Arctic White,realme X3 SuperZoom ,8,256,29999,31999,2000,4.3
Apple,iPhone 12 ,Black,Apple iPhone 12 ,4,64,63999,65900,1901,4.6
Lenovo,A6000 Shot ,Black,Lenovo A6000 Shot ,2,16,6200,9991,3791,3.7
realme,X ,Space Blue,realme X ,8,89,20999,20999,0,4.5
Apple,iPhone SE ,Red,Apple iPhone SE ,2,128,44900,44900,0,4.5
Apple,iPhone 7 ,Jet Black,Apple iPhone 7 ,2,128,34900,34900,0,4.5
POCO,M2 Pro,Green and Greener,POCO M2 Pro,4,64,13999,16999,3000,4.3
realme,GT Neo 2,Neo Black,realme GT Neo 2,12,256,35999,38999,3000,4.4
SAMSUNG,Galaxy Note10 Lite ,Aura Black,SAMSUNG Galaxy Note10 Lite ,8,128,39999,45000,5001,4.3
ASUS,ROG 5s,Storm White,ASUS ROG 5s,8,128,49999,55999,6000,4.2
Nokia,3310 DS 2020,Black,Nokia 3310 DS 2020,16,32,3974,4179,205,3.8
Infinix,Smart 4,Quetzal Cyan,Infinix Smart 4,2,32,8999,8999,0,4.4
Apple,iPhone 11 ,White,Apple iPhone 11 ,4,64,54900,54900,0,4.6
GIONEE,S Plus ,Dark Blue,GIONEE S Plus ,3,16,8950,8950,0,3.7
Xiaomi,Redmi Y3 ,Elegant Blue,Xiaomi Redmi Y3 ,4,64,12999,12999,0,4.2
Apple,iPhone 11 Pro Max ,Midnight Green,Apple iPhone 11 Pro Max ,4,256,131900,131900,0,4.7
Xiaomi,Mi 11 Lite ,Tuscany Coral,Xiaomi Mi 11 Lite ,8,128,23999,25999,2000,4.3
Infinix,S5 ,Quetzal Cyan,Infinix S5 ,4,64,10999,10999,0,4.3
Lenovo,A6600 ,Black,Lenovo A6600 ,1,16,5499,5499,0,3.8
HTC,U Ultra,Sapphire Blue,HTC U Ultra,4,64,62990,62990,0,4
Xiaomi,REDMI 9 Prime ,Space Blue,Xiaomi REDMI 9 Prime ,4,64,10499,11999,1500,4.3
Apple,iPhone 12 Mini ,Black,Apple iPhone 12 Mini ,4,128,61999,64900,2901,4.5
vivo,Y31 ,Ocean Blue,vivo Y31 ,8,256,13990,13990,0,4.3
realme,6 Pro ,Lightning Red,realme 6 Pro ,8,128,19999,19999,0,4.4
realme,GT Master Edition ,Daybreak Blue,realme GT Master Edition ,6,128,25999,29999,4000,4.3
Nokia,3.1 Plus ,Baltic,Nokia 3.1 Plus ,3,32,10440,10440,0,4.2
realme,X2 ,Pearl White,realme X2 ,6,128,19999,19999,0,4.5
SAMSUNG,Galaxy A21s ,Blue,SAMSUNG Galaxy A21s ,6,128,17499,18999,1500,4.2
SAMSUNG,Galaxy S10 Plus ,Prism White,SAMSUNG Galaxy S10 Plus ,8,128,59900,59900,0,4.6
Apple,iPhone 13 Pro Max,Alpine Green,Apple iPhone 13 Pro Max,4,1,169900,169900,0,4.7
SAMSUNG,Sm-G361Hhadins ,Charcoal Gray,SAMSUNG Sm-G361Hhadins ,1,8,8999,8999,0,3
Xiaomi,Redmi Note 11T 5G,Stardust White,Xiaomi Redmi Note 11T 5G,6,64,18187,18990,803,4.2
realme,8i ,Space Black,realme 8i ,6,128,15999,17999,2000,4.2
OPPO,F17,Classic Silver,OPPO F17,6,128,20999,20999,0,4.2
SAMSUNG,Galaxy F42 5G ,Matte Black,SAMSUNG Galaxy F42 5G ,6,128,20999,23999,3000,4.1
Apple,iPhone 13 Pro Max ,Graphite,Apple iPhone 13 Pro Max ,6,128,129900,129900,0,4.2
Xiaomi,Redmi Note 6 Pro ,Black,Xiaomi Redmi Note 6 Pro ,4,64,12349,12349,0,4.4
Nokia,216 DS,Black,Nokia 216 DS,16,2,2875,2999,124,4.2
Apple,iPhone 11 Pro Max ,Silver,Apple iPhone 11 Pro Max ,4,512,150800,150800,0,4.7
SAMSUNG,Galaxy A03s ,White,SAMSUNG Galaxy A03s ,3,32,11499,13499,2000,4
Infinix,Hot 11,Silver Wave,Infinix Hot 11,4,64,9999,11999,2000,4.4
Nokia,Asha 502 ,Bright Red,Nokia Asha 502 ,64,32,3499,3499,0,3.7
OPPO,A33,Mint Cream,OPPO A33,3,32,10490,12990,2500,4.3
Xiaomi,11i 5G,Purple Mist,Xiaomi 11i 5G,6,128,24999,29999,5000,4.3
realme,3,Radiant Blue,realme 3,3,32,8499,10999,2500,4.5
LG,G2 D802 ,Black Gold,LG G2 D802 ,2,16,31971,31971,0,4.5
OPPO,A12,Deep Blue,OPPO A12,4,64,10490,11990,1500,4.4
Nokia,C20 Plus ,Grey,Nokia C20 Plus ,2,32,8999,10499,1500,4.4
GIONEE,P7 ,Grey,GIONEE P7 ,2,16,4750,4750,0,3.8
realme,5i ,Forest Green,realme 5i ,4,64,10999,10999,0,4.5
Nokia,TA-1010/105,Black,Nokia TA-1010/105,4,4,1340,1340,0,4.2
ASUS,Zenfone Selfie ,Purple,ASUS Zenfone Selfie ,3,16,13999,13999,0,4
OPPO,A57,Black,OPPO A57,3,32,14990,14990,0,4.2
OPPO,F5,Black,OPPO F5,6,64,14990,14990,0,4.4
SAMSUNG,Galaxy F02s ,Diamond Blue,SAMSUNG Galaxy F02s ,3,32,9499,10499,1000,4.2
ASUS,Zenfone Selfie ,Black,ASUS Zenfone Selfie ,3,16,9999,9999,0,4
POCO,F1,Graphite Black,POCO F1,6,128,24999,24999,0,4.5
ASUS,Zenfone Selfie ,White,ASUS Zenfone Selfie ,3,32,14500,14500,0,4
GIONEE,F9 ,Champagne,GIONEE F9 ,3,32,7900,7900,0,4.2
Apple,iPhone 12 Mini ,Red,Apple iPhone 12 Mini ,4,64,56999,59900,2901,4.5
Apple,iPhone 11 ,Green,Apple iPhone 11 ,4,128,54900,54900,0,4.6
Motorola,G9 ,Sapphire Blue,Motorola G9 ,4,64,10999,14999,4000,4.2
Nokia,8,Polished Blue,Nokia 8,4,64,29490,29490,0,4
Infinix,Note 4,Ice Blue,Infinix Note 4,3,32,8999,8999,0,4.2
SAMSUNG,Galaxy A71 ,Prism Crush Blue,SAMSUNG Galaxy A71 ,8,128,27499,34999,7500,4.4
Apple,iPhone 6s ,Silver,Apple iPhone 6s ,2,128,55999,55999,0,4.5
Apple,iPhone 11 ,Black,Apple iPhone 11 ,4,128,54900,54900,0,4.6
Nokia,3,Silver White,Nokia 3,2,16,8588,8588,0,3.9
SAMSUNG,Galaxy A70 ,Black,SAMSUNG Galaxy A70 ,6,128,30900,30900,0,4.3
SAMSUNG,Galaxy A21s ,White,SAMSUNG Galaxy A21s ,6,64,19999,19999,0,4.2
Nokia,2.2,Steel,Nokia 2.2,2,16,8599,8599,0,4
realme,5i ,Aqua Blue,realme 5i ,4,89,10999,10999,0,4.5
Lenovo,A7 ,Black,Lenovo A7 ,2,32,7490,8490,1000,4
vivo,Y20G 2021 ,Purist Blue,vivo Y20G 2021 ,4,64,29990,34990,5000,4.2
Motorola,One Macro ,Space Blue,Motorola One Macro ,4,64,9999,11999,2000,4.3
Motorola,G4,Black,Motorola G4,2,16,6399,6399,0,3.9
LG,V30+ ,Silver,LG V30+ ,4,128,29999,29999,0,4.3
SAMSUNG,Galaxy A7 ,Blue,SAMSUNG Galaxy A7 ,6,128,24600,24600,0,4.4
ASUS,ZenFone Max M2 ,Silver,ASUS ZenFone Max M2 ,3,32,12999,12999,0,4.3
realme,X7 Max,Milkyway Grey,realme X7 Max,8,128,26999,29999,3000,4.3
SAMSUNG,Galaxy C7 Pro ,Gold,SAMSUNG Galaxy C7 Pro ,4,64,26600,26600,0,4.4
SAMSUNG,Galaxy Note 9 ,Lavender Purple,SAMSUNG Galaxy Note 9 ,6,128,73600,73600,0,4.6
Lenovo,K10 Note ,Black,Lenovo K10 Note ,6,128,18999,18999,0,4.1
LG,G5 ,Silver,LG G5 ,4,32,52990,52990,0,4
GIONEE,F10 ,Blue,GIONEE F10 ,3,32,7990,7990,0,4.1
vivo,V21 5G ,Sunset Dazzle,vivo V21 5G ,12,256,14990,14990,0,4.4
Lenovo,A5 ,Gold,Lenovo A5 ,3,32,7999,7999,0,4.1
Apple,iPhone 13 Pro Max ,Graphite,Apple iPhone 13 Pro Max ,6,1,179900,179900,0,4.2
Apple,iPhone 12 Pro ,Silver,Apple iPhone 12 Pro ,6,512,139900,139900,0,4.6
POCO,X3 Pro ,Steel Blue,POCO X3 Pro ,8,128,20999,25999,5000,4.4
SAMSUNG,Galaxy M12 ,Blue,SAMSUNG Galaxy M12 ,4,64,11510,11510,0,4.2
vivo,Y12s ,Phantom Black,vivo Y12s ,4,64,32990,35990,3000,4.4
OPPO,Find X,Bordeaux Red,OPPO Find X,8,256,60990,60990,0,4.6
SAMSUNG,Galaxy Folder 2 ,Wine Red,SAMSUNG Galaxy Folder 2 ,2,16,27330,27330,0,3.7
Apple,iPhone 13 Pro Max ,Silver,Apple iPhone 13 Pro Max ,6,512,159900,159900,0,4.2
ASUS,ROG 5s Pro,Phantom Black,ASUS ROG 5s Pro,18,512,79999,85999,6000,4.2
POCO,M2 Reloaded ,Mostly Blue,POCO M2 Reloaded ,4,64,9999,11999,2000,4.3
SAMSUNG,Galaxy S3 Neo ,Pebble Blue,SAMSUNG Galaxy S3 Neo ,1.5,16,17000,17000,0,4.3
Apple,iPhone 6s ,Silver,Apple iPhone 6s ,2,16,41999,41999,0,4.5
realme,X ,Onion,realme X ,8,128,20999,20999,0,4.5
GIONEE,Pioneer P5W ,Red,GIONEE Pioneer P5W ,1,16,4150,7250,3100,3.1
SAMSUNG,Galaxy A10s ,Black,SAMSUNG Galaxy A10s ,3,32,11000,11000,0,4.3
SAMSUNG,Galaxy Note10 Lite ,Aura Red,SAMSUNG Galaxy Note10 Lite ,6,128,37999,43000,5001,4.3
OPPO,A15s,Dynamic Black,OPPO A15s,4,64,12990,13990,1000,4.3
SAMSUNG,Galaxy S4 ,Deep Black,SAMSUNG Galaxy S4 ,2,16,15999,15999,0,3.9
HTC,Desire 516,Dark Grey,HTC Desire 516,1,4,15200,15200,0,3.5
Lenovo,A2010 ,Black,Lenovo A2010 ,1,8,4599,4599,0,3.9
SAMSUNG,Galaxy J7 Nxt ,Gold,SAMSUNG Galaxy J7 Nxt ,2,16,10995,10995,0,4.4
Infinix,Smart 5,Purple,Infinix Smart 5,2,32,7499,8999,1500,4.3
Nokia,Ta -1010/105,Black,Nokia Ta -1010/105,4,4,1000,1000,0,4.2
Xiaomi,Redmi Note 6 Pro ,Blue,Xiaomi Redmi Note 6 Pro ,6,64,14990,14990,0,4.5
Apple,iPhone 6 ,Gold,Apple iPhone 6 ,1,16,36499,36499,0,4.4
realme,Narzo 50i ,Carbon Black,realme Narzo 50i ,4,64,8999,9999,1000,4.3
LG,Velvet Dual Screen ,Black,LG Velvet Dual Screen ,6,128,44990,55000,10010,4.4
realme,9i,Prism Black,realme 9i,6,128,15999,17999,2000,4.4
ASUS,6Z ,Silver,ASUS 6Z ,6,64,35999,35999,0,4.3
realme,C3 ,Blazing Red,realme C3 ,4,64,10999,10999,0,4.4
Nokia,3.4,Dusk,Nokia 3.4,4,64,11999,13999,2000,3.9
Nokia,107 Dual SIM,Black,Nokia 107 Dual SIM,4,16,1860,1860,0,4.2
Infinix,Hot 6 Pro,Sandstone Black,Infinix Hot 6 Pro,3,32,8999,8999,0,4.3
SAMSUNG,Galaxy Note 4 ,Bronze Gold,SAMSUNG Galaxy Note 4 ,3,32,51000,51000,0,4.1
LG,W30 ,Aurora Green,LG W30 ,3,32,9999,9999,0,3.9
Apple,iPhone 7 ,Silver,Apple iPhone 7 ,2,32,24999,31500,6501,4.5
SAMSUNG,Galaxy J4 ,Black,SAMSUNG Galaxy J4 ,3,32,10990,10990,0,4.2
Nokia,5.1 Plus ,Blue,Nokia 5.1 Plus ,4,64,9975,15999,6024,4.1
LG,Q7 ,Black,LG Q7 ,3,32,9990,9990,0,3.3
OPPO,A5,Diamond Red,OPPO A5,4,32,13500,13500,0,4.4
vivo,Y33s ,Midday Dream,vivo Y33s ,6,64,37990,44990,7000,4.4
Nokia,5.3,SAND,Nokia 5.3,4,64,10999,10999,0,3.5
GIONEE,S10 Lite ,Gold,GIONEE S10 Lite ,4,32,6399,6399,0,3.9
Nokia,105 SS 2021,Black,Nokia 105 SS 2021,4,4,1399,1399,0,4.2
POCO,X2,Atlantic Blue,POCO X2,6,64,14999,18999,4000,4.5
realme,Narzo 30A ,Laser Black,realme Narzo 30A ,4,64,10499,10999,500,4.3
Nokia,2,Copper/Black,Nokia 2,1,8,7007,7007,0,3.8
POCO,M4 Pro 5G,Cool Blue,POCO M4 Pro 5G,8,128,18999,21999,3000,4.4
Xiaomi,Redmi Note 7S ,Ruby Red,Xiaomi Redmi Note 7S ,4,64,13900,13900,0,4.2
realme,X7 Max,Asteroid Black,realme X7 Max,8,128,26999,29999,3000,4.3
SAMSUNG,Galaxy A72 ,Awesome Violet,SAMSUNG Galaxy A72 ,8,256,37999,43999,6000,4.3
Infinix,Hot 11,Polar Black,Infinix Hot 11,4,64,9999,11999,2000,4.4
Apple,iPhone 11 Pro Max ,Space Grey,Apple iPhone 11 Pro Max ,4,64,117100,117100,0,4.7
SAMSUNG,Galaxy A7 ,Champagne Gold,SAMSUNG Galaxy A7 ,2,16,19990,19990,0,4.1
OPPO,A54,Moonlight Gold,OPPO A54,4,64,14990,14990,0,4.3
Infinix,S5 Pro,Forest Green,Infinix S5 Pro,4,64,12999,12999,0,4.4
SAMSUNG,Galaxy Core ,Metallic Blue,SAMSUNG Galaxy Core ,1,8,7999,7999,0,4
Infinix,S4,Nebula Blue,Infinix S4,3,32,9999,9999,0,4.2
POCO,M4 Pro 5G,Power Black,POCO M4 Pro 5G,6,128,16999,19999,3000,4.4
GIONEE,S6 Pro ,Rose Gold,GIONEE S6 Pro ,4,32,8000,8000,0,3.6
realme,9 Pro+ 5G,Aurora Green,realme 9 Pro+ 5G,8,256,28999,31999,3000,4.4
Nokia,5.4,Polar Night,Nokia 5.4,6,64,14499,14499,0,3.9
Xiaomi,Redmi Note 7 Pro ,Moonlight White,Xiaomi Redmi Note 7 Pro ,6,128,15449,15990,541,4.5
POCO,M4 Pro,Cool Blue,POCO M4 Pro,6,64,14999,17999,3000,4.4
ASUS,Zenfone 2 Laser ZE500KL ,Black,ASUS Zenfone 2 Laser ZE500KL ,2,16,7999,7999,0,4.1
Xiaomi,Redmi Note 7 Pro ,MOONLIGHT WHITE,Xiaomi Redmi Note 7 Pro ,6,64,14980,14990,10,4.5
Lenovo,A7700 ,White,Lenovo A7700 ,2,16,6750,6750,0,3.9
SAMSUNG,Galaxy Note 3 Neo ,White,SAMSUNG Galaxy Note 3 Neo ,2,16,11250,11250,0,4.2
Nokia,6310,Black,Nokia 6310,16,8,4049,4049,0,4.2
Infinix,Hot 10S,Purple,Infinix Hot 10S,4,64,9999,12999,3000,4.3
ASUS,ROG 5s,Phantom Black,ASUS ROG 5s,12,256,57999,63999,6000,4.2
Apple,iPhone 13 Mini ,Blue,Apple iPhone 13 Mini ,6,512,99900,99900,0,4.2
SAMSUNG,Galaxy A70s ,Prism Crush Red,SAMSUNG Galaxy A70s ,6,128,17999,31000,13001,4.3
Nokia,C01 Plus ,Blue,Nokia C01 Plus ,2,16,6499,6499,0,4.2
realme,7i ,Fusion Green,realme 7i ,4,64,13999,13999,0,4.3
SAMSUNG,Galaxy M10 ,Charcoal Black,SAMSUNG Galaxy M10 ,3,32,8650,9290,640,4.3
Xiaomi,9A Sport,Carbon Black,Xiaomi 9A Sport,2,32,7798,7798,0,4.3
SAMSUNG,Galaxy A6+ ,Gold,SAMSUNG Galaxy A6+ ,4,64,25999,25999,0,4.4
Lenovo,A7 ,Blue,Lenovo A7 ,4,64,7990,9999,2009,3.9
SAMSUNG,Galaxy M42 ,Prism Dot Gray,SAMSUNG Galaxy M42 ,8,128,24499,25900,1401,4.3
Apple,iPhone 13 Mini ,Red,Apple iPhone 13 Mini ,6,512,99900,99900,0,4.2
POCO,M3 ,Yellow,POCO M3 ,6,64,11999,12999,1000,4.3
Nokia,215 4G DS 2020,Black,Nokia 215 4G DS 2020,64,128,3599,3599,0,3.7
SAMSUNG,Galaxy A3 ,Champagne Gold,SAMSUNG Galaxy A3 ,1,16,8190,8190,0,4
Motorola,G8 Power Lite ,Arctic Blue,Motorola G8 Power Lite ,4,64,9999,9999,0,4.3
OPPO,A9 2020,Vanilla Mint,OPPO A9 2020,4,128,14990,18990,4000,4.3
SAMSUNG,S7 Edge ,Black Pearl,SAMSUNG S7 Edge ,4,128,36900,36900,0,4.3
Apple,iPhone XS Max ,Silver,Apple iPhone XS Max ,4,512,144900,144900,0,4.6
Google Pixel,Nexus 5X ,White,Google Pixel Nexus 5X ,2,16,25400,25400,0,4.5
GIONEE,A1 Plus ,Mocha Gold,GIONEE A1 Plus ,4,64,10499,10499,0,4.1
SAMSUNG,M21 2021 Edition,Black,SAMSUNG M21 2021 Edition,6,128,14859,15663,804,4.2
Nokia,3310 DS 2020,Black,Nokia 3310 DS 2020,16,32,3499,3499,0,3.8
LG,V20 ,Pink,LG V20 ,4,64,31490,31490,0,4.2
Google Pixel,Nexus 5X ,Carbon,Google Pixel Nexus 5X ,2,16,25990,25990,0,4.3
HTC,628,Sunset Blue,HTC 628,3,32,15400,15400,0,3.7
Xiaomi,Redmi Y3 ,Bold Red,Xiaomi Redmi Y3 ,4,64,12999,13999,1000,4.3
realme,6,Comet Blue,realme 6,4,64,13999,14999,1000,4.4
SAMSUNG,Galaxy Note 4 ,Blossom Pink,SAMSUNG Galaxy Note 4 ,3,32,49990,49990,0,4.1
OPPO,A12,Deep Blue,OPPO A12,3,32,9490,10990,1500,4.4
Xiaomi,Mi 11X Pro 5G ,Cosmic Black,Xiaomi Mi 11X Pro 5G ,8,256,38950,39990,1040,4.2
SAMSUNG,Galaxy A9 Pro ,Gold,SAMSUNG Galaxy A9 Pro ,4,32,19980,19980,0,4.3
SAMSUNG,Galaxy M20 ,Ocean Blue,SAMSUNG Galaxy M20 ,4,64,11999,11999,0,4.3
GIONEE,F11 ,Blue,GIONEE F11 ,3,32,6490,6490,0,4
Infinix,Smart 6,Obsidian Black,Infinix Smart 6,2,32,7499,8999,1500,4.3
OPPO,A9 2020,Space Purple,OPPO A9 2020,4,128,14990,18990,4000,4.3
OPPO,A5s,Red,OPPO A5s,2,32,12990,4990,-8000,4.3
Motorola,G 2nd Generation ,White,Motorola G 2nd Generation ,1,16,8999,8999,0,4.2
POCO,C31,Shadow Grey,POCO C31,3,32,7999,10999,3000,4.4
SAMSUNG,Metro,Black,SAMSUNG Metro,32,2,2849,2849,0,4.2
Xiaomi,Mi 10i ,Pacific Sunrise,Xiaomi Mi 10i ,8,128,26989,26989,0,4.3
SAMSUNG,Galaxy On Nxt ,Gold,SAMSUNG Galaxy On Nxt ,3,16,11200,11200,0,4.3
Lenovo,K6 Note ,Gold,Lenovo K6 Note ,4,32,7490,7490,0,4
SAMSUNG,Galaxy A10s ,Green,SAMSUNG Galaxy A10s ,2,32,10000,10000,0,4.4
SAMSUNG,Galaxy A7 ,Blue,SAMSUNG Galaxy A7 ,4,64,17990,25379,7389,4.4
realme,8s 5G ,Universe Blue,realme 8s 5G ,8,128,19999,22999,3000,4.2
SAMSUNG,Galaxy J2 - 2016 ,Black,SAMSUNG Galaxy J2 - 2016 ,1.5,8,6990,6990,0,4
Apple,iPhone 6s ,Rose Gold,Apple iPhone 6s ,2,32,31999,31999,0,4.5
Nokia,C3 ,Sand,Nokia C3 ,3,32,9999,9999,0,3.8
Apple,iPhone SE ,White,Apple iPhone SE ,2,64,32999,39900,6901,4.5
ASUS,Zenfone Go 5.0 LTE ,White,ASUS Zenfone Go 5.0 LTE ,2,16,4990,4990,0,3.7
Nokia,105 SS 2021,Black,Nokia 105 SS 2021,4,4,1349,1349,0,4.2
Lenovo,A319 ,Black,Lenovo A319 ,512,4,4200,4200,0,3.6
ASUS,ROG Phone 5 Ultimate ,White,ASUS ROG Phone 5 Ultimate ,18,512,79999,85999,6000,4.2
SAMSUNG,Galaxy A10 ,Black,SAMSUNG Galaxy A10 ,2,32,8700,8700,0,4.3
Xiaomi,Redmi Note 5 ,Black,Xiaomi Redmi Note 5 ,3,32,9990,9990,0,4.2
SAMSUNG,Galaxy A10 ,Gold,SAMSUNG Galaxy A10 ,2,32,8700,8700,0,4.3
SAMSUNG,Galaxy A52s 5G ,Awesome Mint,SAMSUNG Galaxy A52s 5G ,8,128,37499,40999,3500,4.3
Apple,iPhone 11 ,Yellow,Apple iPhone 11 ,4,64,49900,49900,0,4.6
Apple,iPhone 11 ,Green,Apple iPhone 11 ,4,128,54900,54900,0,4.6
SAMSUNG,Galaxy M21 ,Midnight Blue,SAMSUNG Galaxy M21 ,4,64,15990,15990,0,4.3
Infinix,Hot 10S,Morandi Green,Infinix Hot 10S,4,64,9999,12999,3000,4.3
SAMSUNG,Galaxy J5 ,Gold,SAMSUNG Galaxy J5 ,1.5,8,10490,10490,0,4.3
SAMSUNG,Galaxy Note 8 ,Midnight Black,SAMSUNG Galaxy Note 8 ,6,64,34899,74000,39101,4.6
GIONEE,F103 Pro ,Grey,GIONEE F103 Pro ,3,16,5290,5290,0,3.9
SAMSUNG,Galaxy Note 10 Plus ,Aura Glow,SAMSUNG Galaxy Note 10 Plus ,12,256,59999,85000,25001,4.6
Infinix,Hot S3,Topaz Blue,Infinix Hot S3,4,64,11999,11999,0,4.1
Apple,iPhone 11 Pro ,Silver,Apple iPhone 11 Pro ,4,256,79999,106600,26601,4.6
SAMSUNG,Galaxy Z Flip3 5G ,Lavender  ,SAMSUNG Galaxy Z Flip3 5G ,8,128,88999,95999,7000,4.3
POCO,F3 GT,Gunmetal Silver,POCO F3 GT,6,128,28999,32999,4000,4.3
Nokia,5.3,CYAN,Nokia 5.3,6,64,12999,12999,0,3.7
SAMSUNG,Galaxy Z Flip ,Mirror Black,SAMSUNG Galaxy Z Flip ,8,256,66000,66000,0,4.2
realme,X50 Pro ,Moss Green,realme X50 Pro ,12,256,47999,47999,0,4.3
Apple,iPhone 11 ,Purple,Apple iPhone 11 ,4,256,64900,64900,0,4.6
Infinix,Zero 8i,Black Diamond,Infinix Zero 8i,8,128,18999,18999,0,4.2
SAMSUNG,Galaxy A7 ,Pearl White,SAMSUNG Galaxy A7 ,2,16,19990,19990,0,4.1
Xiaomi,REDMI 9 Power ,Electric Green,Xiaomi REDMI 9 Power ,4,64,11499,13999,2500,4.2
SAMSUNG,Galaxy A12 ,Blue,SAMSUNG Galaxy A12 ,4,128,14999,14999,0,4.2
realme,9 5G,Stargaze White,realme 9 5G,6,128,17499,20999,3500,4.8
OPPO,A5s,Green,OPPO A5s,4,64,15677,15677,0,4.4
OPPO,Reno6 Pro 5G,Aurora,OPPO Reno6 Pro 5G,12,256,39990,46990,7000,4.4
SAMSUNG,Galaxy Alpha ,Dazzling White,SAMSUNG Galaxy Alpha ,2,32,19999,19999,0,3.6
realme,U1 ,Fiery Gold,realme U1 ,3,64,11999,11999,0,4.4
Apple,iPhone 13 Pro Max ,Gold,Apple iPhone 13 Pro Max ,6,512,159900,159900,0,4.2
SAMSUNG,Galaxy M20 ,Ocean Blue,SAMSUNG Galaxy M20 ,32,89,9990,9990,0,4.2
HTC,U Ultra,Brilliant Black,HTC U Ultra,4,64,62990,62990,0,4
Xiaomi,Redmi Note 4 ,Gold,Xiaomi Redmi Note 4 ,3,32,8590,8590,0,4.4
Apple,iPhone 11 Pro ,Midnight Green,Apple iPhone 11 Pro ,4,256,121300,121300,0,4.6
SAMSUNG,Galaxy S21 Plus ,Phantom Violet,SAMSUNG Galaxy S21 Plus ,8,128,71999,100999,29000,4.4
Apple,iPhone XR ,Blue,Apple iPhone XR ,3,256,91900,91900,0,4.6
Infinix,Smart 2,Bordeaux Red ,Infinix Smart 2,2,16,6999,6999,0,4.1
Lenovo,K8 Plus ,Venom Black,Lenovo K8 Plus ,4,32,11999,11999,0,4.1
LG,Q7+ ,Moroccan Blue,LG Q7+ ,4,64,20998,20998,0,3.2
SAMSUNG,Tizen Z3 ,Gold,SAMSUNG Tizen Z3 ,1,8,6990,6990,0,3.3
LG,K10 2017 ,Titan,LG K10 2017 ,2,16,7499,7499,0,4.1
OPPO,A16k,Blue,OPPO A16k,3,32,10490,10490,0,4.1
Xiaomi,Note 10 lite,Glacier White,Xiaomi Note 10 lite,4,128,14990,14990,0,4.3
SAMSUNG,Galaxy M11 ,Violet,SAMSUNG Galaxy M11 ,3,32,11745,11745,0,4.2
Nokia,515,Black,Nokia 515,512,256,8999,8999,0,3
Infinix,Smart 4 Plus,Ocean Wave,Infinix Smart 4 Plus,3,32,9999,9999,0,4.4
SAMSUNG,Galaxy S9 Plus ,Lilac Purple,SAMSUNG Galaxy S9 Plus ,6,64,70000,70000,0,4.5
Motorola,X4,Sterling Blue,Motorola X4,6,64,24999,24999,0,4.3
Xiaomi,REDMI Note 9 ,Aqua Green,Xiaomi REDMI Note 9 ,4,64,11999,14999,3000,4.2
Apple,iPhone 13 Pro Max ,Sierra Blue,Apple iPhone 13 Pro Max ,6,256,139900,139900,0,4.2
LG,G7+ ThinQ ,Black,LG G7+ ThinQ ,6,128,55000,55000,0,4.4
SAMSUNG,Galaxy M32 ,Black,SAMSUNG Galaxy M32 ,4,64,15490,15490,0,4.2
Xiaomi,Redmi 8A ,Midnight Black,Xiaomi Redmi 8A ,2,32,7999,7999,0,4.4
SAMSUNG,Galaxy S21 Ultra ,Phantom Silver,SAMSUNG Galaxy S21 Ultra ,12,256,105999,128999,23000,4.5
SAMSUNG,Galaxy J7 Nxt ,Gold,SAMSUNG Galaxy J7 Nxt ,3,32,12000,12000,0,4.3
SAMSUNG,Galaxy A5 2016 Edition ,White,SAMSUNG Galaxy A5 2016 Edition ,2,16,14490,14490,0,4.1
Google Pixel,3,Not Pink,Google Pixel 3,4,128,80000,80000,0,4.5
vivo,Y1s ,Aurora Blue,vivo Y1s ,4,32,22990,27990,5000,4.4
SAMSUNG,Z3 ,Black,SAMSUNG Z3 ,1,8,5590,5590,0,3.4
realme,Narzo 20 Pro ,Black Ninja,realme Narzo 20 Pro ,8,128,16999,18999,2000,4.3
GIONEE,Pioneer P2 ,Black,GIONEE Pioneer P2 ,512,4,2290,2290,0,3.6
SAMSUNG,Galaxy J5 - 6 New 2016 Edition) ,Black,SAMSUNG Galaxy J5 - 6 New 2016 Edition) ,2,16,10990,10990,0,4.2
OPPO,F9 Pro,Starry Purple,OPPO F9 Pro,6,64,21150,21150,0,4.5
SAMSUNG,Galaxy J2 Ace ,Silver,SAMSUNG Galaxy J2 Ace ,1.5,8,8090,8090,0,4.1
SAMSUNG,Galaxy A30 ,Red,SAMSUNG Galaxy A30 ,4,64,18000,18000,0,4.4
SAMSUNG,Galaxy A52s 5G ,Awesome Violet,SAMSUNG Galaxy A52s 5G ,8,128,37499,40999,3500,4.5
LG,W41 Pro ,Laser Blue,LG W41 Pro ,6,128,10499,20000,9501,3.7
realme,2,Diamond Black,realme 2,3,32,9990,9990,0,4.5
SAMSUNG,Galaxy Ace NXT ,Ceramic White,SAMSUNG Galaxy Ace NXT ,512,4,5490,5490,0,3.8
POCO,M2 Reloaded ,Grey,POCO M2 Reloaded ,4,64,9999,11999,2000,4.3
realme,C3 ,Frozen Blue,realme C3 ,3,32,9999,9999,0,4.4
Lenovo,A7 ,Blue,Lenovo A7 ,2,32,6950,8490,1540,4
OPPO,A52,Stream White,OPPO A52,6,128,17999,17999,0,4.3
realme,Narzo 30 ,Racing Silver,realme Narzo 30 ,6,128,15499,16999,1500,4.3
OPPO,F11 Pro Marvel? Avengers Limited Edition,Space Blue,OPPO F11 Pro Marvel? Avengers Limited Edition,6,128,27990,31990,4000,4.2
realme,X3 ,Glacier Blue,realme X3 ,8,128,25999,27999,2000,4.4
Xiaomi,Redmi 5 ,Black,Xiaomi Redmi 5 ,3,32,9900,9900,0,4.4
HTC,626G Plus,White Birch,HTC 626G Plus,1,8,8999,8999,0,3.9
Apple,iPhone 6 Plus ,Silver,Apple iPhone 6 Plus ,1,64,48999,48999,0,4.5
POCO,C3 ,Matte Black,POCO C3 ,4,64,8999,10999,2000,4.3
Xiaomi,Redmi Y2 ,Gold,Xiaomi Redmi Y2 ,3,32,9468,10499,1031,4.2
Apple,iPhone 6 Plus ,Silver,Apple iPhone 6 Plus ,1,16,40999,40999,0,4.5
vivo,Y93,Nebula Purple,vivo Y93,3,64,11990,11990,0,4.4
GIONEE,Marathon M3 ,White,GIONEE Marathon M3 ,1,8,9599,9599,0,3.8
OPPO,Ravichandran Ashwin Limited Edition,Black,OPPO Ravichandran Ashwin Limited Edition,4,64,22990,22990,0,4.4
Apple,iPhone 7 ,Jet Black,Apple iPhone 7 ,2,256,74400,74400,0,4.5
Nokia,G10 ,Dusk | Purple,Nokia G10 ,4,64,12149,12149,0,4.2
SAMSUNG,SM-B310EZDDINS,Black,SAMSUNG SM-B310EZDDINS,100,100,1949,1949,0,5
SAMSUNG,Galaxy Note 20 ,Mystic Blue,SAMSUNG Galaxy Note 20 ,8,256,54599,79997,25398,4.3
OPPO,F3,Gold,OPPO F3,4,64,18000,18000,0,4.3
realme,1,Diamond Black,realme 1,3,32,11990,12990,1000,4.2
SAMSUNG,Galaxy Note 10 Plus ,Aura Black,SAMSUNG Galaxy Note 10 Plus ,12,512,95000,95000,0,4.6
OPPO,A53,Mint Cream,OPPO A53,6,128,13990,17990,4000,4.3
OPPO,A5s,Blue,OPPO A5s,2,32,8990,12990,4000,4.3
SAMSUNG,Galaxy F41 ,Fusion Green,SAMSUNG Galaxy F41 ,6,128,14499,20999,6500,4.3
ASUS,Zenfone Max ,Black,ASUS Zenfone Max ,2,32,8499,8499,0,4.1
OPPO,A53,Electric Black,OPPO A53,6,128,13990,17990,4000,4.3
Apple,iPhone 13 Pro Max ,Sierra Blue,Apple iPhone 13 Pro Max ,6,89,139900,139900,0,4.2
Nokia,150 TA-1235 DS,Black,Nokia 150 TA-1235 DS,4,4,2480,2599,119,4.1
OPPO,Reno6 Pro 5G,Majestic Gold,OPPO Reno6 Pro 5G,12,256,41990,45990,4000,4.4
Nokia,5.3,CHARCOAL,Nokia 5.3,4,64,10999,10999,0,3.5
OPPO,N5111,White,OPPO N5111,2,16,9990,9990,0,3.1
Motorola,G4 Plus,White,Motorola G4 Plus,2,16,5999,5999,0,4
Apple,iPhone 12 ,White,Apple iPhone 12 ,4,128,68999,70900,1901,4.6
Apple,iPhone 13 Pro Max,Gold,Apple iPhone 13 Pro Max,4,512,159900,159900,0,4.7
SAMSUNG,Galaxy M31 ,Ocean Blue,SAMSUNG Galaxy M31 ,8,128,18654,18950,296,4.3
SAMSUNG,Guru FM Plus,Black,SAMSUNG Guru FM Plus,14,2,1445,1445,0,4.2
Infinix,Note 11 ,Graphite Black,Infinix Note 11 ,4,64,12499,14999,2500,4.3
POCO,C3 ,Arctic Blue,POCO C3 ,4,64,8999,10999,2000,4.3
Xiaomi,Redmi Y3 ,Prime Black,Xiaomi Redmi Y3 ,3,32,9950,9950,0,4.2
SAMSUNG,Galaxy Note 10 Plus ,Aura White,SAMSUNG Galaxy Note 10 Plus ,12,256,59999,85000,25001,4.6
Xiaomi,Redmi Note 7S ,Onyx Black,Xiaomi Redmi Note 7S ,4,64,13900,13900,0,4.4
SAMSUNG,Galaxy Note 10 Plus ,Aura Black,SAMSUNG Galaxy Note 10 Plus ,12,256,59999,85000,25001,4.6
SAMSUNG,Galaxy A72 ,Awesome Violet,SAMSUNG Galaxy A72 ,8,128,34999,41999,7000,4.3
Apple,iPhone 12 ,Purple,Apple iPhone 12 ,4,128,68999,84900,15901,4.6
SAMSUNG,M32 5G ,Slate Black,SAMSUNG M32 5G ,6,128,21999,23999,2000,4.2
realme,6,Comet Blue,realme 6,6,64,14999,17999,3000,4.4
POCO,X3 Pro ,Graphite Black,POCO X3 Pro ,8,128,20999,25999,5000,4.4
SAMSUNG,Guru 1200,Black,SAMSUNG Guru 1200,14,2,1200,1200,0,4.3
OPPO,F5,Black,OPPO F5,4,32,15500,15500,0,4.4
Lenovo,K9 Note ,Black,Lenovo K9 Note ,4,64,11999,11999,0,4.1
Motorola,G5s,Oxford Blue,Motorola G5s,4,32,9869,9869,0,4.1
Apple,iPhone 12 ,Red,Apple iPhone 12 ,4,64,63999,65900,1901,4.6
Apple,iPhone 13 Pro Max,Silver,Apple iPhone 13 Pro Max,4,128,129900,129900,0,4.7
OPPO,A83,Black,OPPO A83,3,32,13490,13490,0,4.4
OPPO,A53,Fancy Blue,OPPO A53,4,64,13499,13499,0,4.5
vivo,X21,Black,vivo X21,6,128,35399,36900,1501,4.3
SAMSUNG,Galaxy A6 ,Black,SAMSUNG Galaxy A6 ,4,32,12499,22990,10491,4.3
Lenovo,A7700 ,Black,Lenovo A7700 ,2,16,6499,6499,0,3.9
realme,8 5G ,Supersonic Blue,realme 8 5G ,8,128,18499,18999,500,4.3
OPPO,A9 2020,Marine Green,OPPO A9 2020,8,128,15990,21990,6000,4.3
SAMSUNG,Galaxy M30s ,Black,SAMSUNG Galaxy M30s ,4,64,14990,14990,0,4.3
Apple,iPhone 11 Pro ,Gold,Apple iPhone 11 Pro ,4,256,79999,106600,26601,4.6
Xiaomi,Redmi Note 4 ,Black,Xiaomi Redmi Note 4 ,3,32,9499,9499,0,4.3
SAMSUNG,Galaxy J7 ,Gold,SAMSUNG Galaxy J7 ,1.5,16,11700,11700,0,4.3
vivo,V9,Pearl Black,vivo V9,4,64,18990,18990,0,4.5
POCO,M3 ,Yellow,POCO M3 ,4,64,10999,11999,1000,4.3
SAMSUNG,Galaxy Core Prime ,Charcoal Grey,SAMSUNG Galaxy Core Prime ,1,8,5490,9700,4210,4.1
ASUS,Zenfone Selfie ,Gold,ASUS Zenfone Selfie ,3,32,7990,7990,0,4
SAMSUNG,Galaxy Note 20 ,Mystic Green,SAMSUNG Galaxy Note 20 ,8,256,77999,86000,8001,4.3
vivo,V23 Pro 5G,Sunshine Gold,vivo V23 Pro 5G,12,256,43990,45990,2000,4.1
Motorola,One,Black,Motorola One,4,64,14999,14999,0,4.1
Xiaomi,Mi 11X ,Celestial Silver,Xiaomi Mi 11X ,8,128,26824,26824,0,4.4
SAMSUNG,Galaxy S5 ,Shimmery White,SAMSUNG Galaxy S5 ,2,16,21999,21999,0,3.9
Nokia,110 4G,Black,Nokia 110 4G,128,48,2999,2999,0,4.2
SAMSUNG,Galaxy On7 ,Black,SAMSUNG Galaxy On7 ,1.5,8,8490,8490,0,4.2
Nokia,2.2,Black,Nokia 2.2,3,32,9599,9599,0,4
Nokia,8110,Yellow,Nokia 8110,512,4,3400,8400,5000,3.7
GIONEE,F103 ,Black,GIONEE F103 ,2,16,4599,4599,0,4
Apple,iPhone 6 Plus ,Silver,Apple iPhone 6 Plus ,1,128,48999,48999,0,4.5
Motorola,2nd Generation ,Black,Motorola 2nd Generation ,1,16,8999,8999,0,4.2
LG,G5 ,Titan,LG G5 ,4,32,22999,22999,0,4
SAMSUNG,Galaxy Trend ,Midnight Black,SAMSUNG Galaxy Trend ,512,4,4999,4999,0,3.6
OPPO,F17 Pro,Magic Blue,OPPO F17 Pro,8,128,19990,25990,6000,4.3
ASUS,Zenfone Go ,Grey,ASUS Zenfone Go ,2,32,6999,6999,0,3.8
realme,Narzo 30 ,Racing Silver,realme Narzo 30 ,6,64,14499,15999,1500,4.3
realme,2,Diamond Blue,realme 2,4,64,11990,11990,0,4.4
OPPO,A15S,Rainbow Silver,OPPO A15S,4,64,12990,13990,1000,4.3
realme,3,Diamond Red,realme 3,3,32,8499,10999,2500,4.5
LG,Max X160 ,Silver Titan,LG Max X160 ,1,8,5000,11500,6500,3.4
POCO,M3 Pro 5G ,Power Black,POCO M3 Pro 5G ,6,128,16499,17999,1500,4.2
Apple,iPhone 11 Pro ,Midnight Green,Apple iPhone 11 Pro ,4,256,121300,121300,0,4.6
POCO,F1,Graphite Black,POCO F1,6,64,21999,21999,0,4.5
realme,C15 Qualcomm Edition ,Power Blue,realme C15 Qualcomm Edition ,3,32,11999,11999,0,4.3
SAMSUNG,Galaxy A7 ,Gold,SAMSUNG Galaxy A7 ,4,64,22300,22300,0,4.4
Apple,iPhone SE ,White,Apple iPhone SE ,2,64,32999,39900,6901,4.5
Nokia,3.1,White,Nokia 3.1,3,32,7490,13824,6334,4
LG,V20a ,Titan,LG V20a ,4,64,30990,30990,0,4.1
OPPO,A74 5G BLACK,Fluid Black,OPPO A74 5G BLACK,6,128,18380,18380,0,4.3
OPPO,F9,Mist Black,OPPO F9,4,64,19000,19000,0,4.5
Nokia,C01 Plus ,Blue,Nokia C01 Plus ,2,16,6499,6499,0,4.2
Lenovo,P70 ,Blue,Lenovo P70 ,2,16,6989,6989,0,3.5
Lenovo,P2 ,Gold,Lenovo P2 ,3,32,16999,16999,0,4.3
Apple,iPhone 12 Mini ,Black,Apple iPhone 12 Mini ,4,64,56999,59900,2901,4.5
vivo,V20 SE ,Aquamarine Green,vivo V20 SE ,8,128,12900,12900,0,4.3
Lenovo,X2-AP ,White,Lenovo X2-AP ,2,32,9999,9999,0,3.7
SAMSUNG,Galaxy A30 ,White,SAMSUNG Galaxy A30 ,4,64,18000,18000,0,4.4
SAMSUNG,Galaxy F41 ,Fusion Blue,SAMSUNG Galaxy F41 ,6,128,14499,20999,6500,4.3
Nokia,8,Tempered Blue,Nokia 8,4,64,36999,36999,0,4
SAMSUNG,Metro SM-B313ez,Black,SAMSUNG Metro SM-B313ez,14,16,2340,2340,0,4.1
realme,Narzo 30 5G ,Racing Blue,realme Narzo 30 5G ,6,128,16999,17999,1000,4.3
Lenovo,K6 Note ,Grey,Lenovo K6 Note ,3,32,6999,6999,0,4.1
Apple,iPhone 7 Plus ,Gold,Apple iPhone 7 Plus ,3,256,85400,85400,0,4.5
POCO,F3 GT,Gunmetal Silver,POCO F3 GT,8,128,28999,34999,6000,4.3
realme,C15 ,Power Silver,realme C15 ,3,89,9999,11999,2000,4.3
SAMSUNG,Galaxy F12 ,Sea Green,SAMSUNG Galaxy F12 ,4,64,11499,12999,1500,4.2
vivo,Y12G ,Phantom Black,vivo Y12G ,3,64,27990,27990,0,4.4
OPPO,F19 Pro+ 5G,Fluid Black,OPPO F19 Pro+ 5G,8,128,25990,29990,4000,4.3
Xiaomi,11 Lite NE,Tuscany Coral,Xiaomi 11 Lite NE,6,128,28999,28999,0,4.4
realme,C25 ,Watery Blue,realme C25 ,4,64,9999,10999,1000,4.4
OPPO,F19,Space Silver,OPPO F19,6,128,19990,20990,1000,4.2
realme,8,Cyber Silver,realme 8,4,128,15999,16999,1000,4.3
SAMSUNG,Galaxy S9 ,Coral Blue,SAMSUNG Galaxy S9 ,4,128,61900,61900,0,4.4
LG,Q60 ,Blue,LG Q60 ,3,64,9990,9990,0,4
SAMSUNG,Galaxy M02 ,Red,SAMSUNG Galaxy M02 ,3,32,8083,8188,105,4
LG,X Cam ,Titan Silver,LG X Cam ,2,16,9999,9999,0,3.5
GIONEE,Elife E3 ,White,GIONEE Elife E3 ,1,16,4200,4200,0,4.3
SAMSUNG,Galaxy Note10 Lite ,Aura Red,SAMSUNG Galaxy Note10 Lite ,8,128,39999,45000,5001,4.3
SAMSUNG,Galaxy S21 Plus ,Phantom Silver,SAMSUNG Galaxy S21 Plus ,8,256,75999,104999,29000,4.4
Lenovo,A6 Note ,Blue,Lenovo A6 Note ,3,32,9999,9999,0,4.2
realme,Narzo 10A ,So Blue,realme Narzo 10A ,4,64,9999,10999,1000,4.5
SAMSUNG,Galaxy Star Pro ,Midnight Black,SAMSUNG Galaxy Star Pro ,512,4,4299,4299,0,3.8
POCO,M2  ,Slate Blue,POCO M2  ,6,128,11499,14999,3500,4.4
OPPO,A15,Dynamic Black,OPPO A15,3,32,10990,12990,2000,4.3
SAMSUNG,Galaxy Grand Prime 4g ,Grey,SAMSUNG Galaxy Grand Prime 4g ,1,8,8250,8250,0,3.9
OPPO,K3,Aurora Blue,OPPO K3,8,128,29999,29999,0,4.2
Apple,iPhone 12 Pro Max ,Silver,Apple iPhone 12 Pro Max ,14,256,129900,129900,0,4.6
SAMSUNG,Galaxy S6 Edge ,Gold Platinum,SAMSUNG Galaxy S6 Edge ,3,32,29999,29999,0,4
OPPO,A15,Mystery Blue,OPPO A15,2,32,9989,9989,0,4
SAMSUNG,Galaxy S8 ,Burgundy Red,SAMSUNG Galaxy S8 ,4,64,49990,49990,0,4.6
vivo,Y53s ,Fantastic Rainbow,vivo Y53s ,8,128,14500,14500,0,4.3
Lenovo,K6 Power ,dark gold,Lenovo K6 Power ,3,32,7499,7499,0,4.1
OPPO,A3s,Red,OPPO A3s,2,16,9500,9500,0,4.4
GIONEE,F10 Plus ,Rainbow Black,GIONEE F10 Plus ,3,32,8590,8590,0,4.2
Lenovo,K8 Plus ,Fine Gold,Lenovo K8 Plus ,3,32,10999,10999,0,4.2
SAMSUNG,Guru FM Plus,Black,SAMSUNG Guru FM Plus,4,4,4500,4500,0,4.2
realme,3,Radiant Blue,realme 3,4,64,10499,12999,2500,4.4
realme,8 Pro ,Infinite Blue,realme 8 Pro ,8,128,19999,21999,2000,4.4
Nokia,5,Copper,Nokia 5,3,16,15299,15299,0,4.1
Motorola,E6s,Caribbean Blue,Motorola E6s,4,64,7999,9999,2000,4.1
OPPO,A7,Glaze Blue,OPPO A7,4,64,10990,18990,8000,4.4
HTC,Wildfire X ,Blue ,HTC Wildfire X ,3,32,13999,13999,0,3.9
Apple,iPhone 11 Pro Max ,Silver,Apple iPhone 11 Pro Max ,4,64,117100,117100,0,4.7
SAMSUNG,Galaxy A6 ,Gold,SAMSUNG Galaxy A6 ,4,32,12499,22000,9501,4.3
ASUS,Zenfone Go 4.5 LTE ,Gold,ASUS Zenfone Go 4.5 LTE ,1,8,4880,4880,0,3.6
Apple,iPhone 7 ,Jet Black,Apple iPhone 7 ,2,32,24999,31500,6501,4.5
SAMSUNG,GURU FM PLUS,Black,SAMSUNG GURU FM PLUS,4,256,1662,1662,0,4.2
Apple,iPhone 11 ,Purple,Apple iPhone 11 ,4,64,49900,49900,0,4.6
vivo,T1 5G,Starlight Black,vivo T1 5G,8,128,19990,23990,4000,4.2
SAMSUNG,Galaxy Grand Quattro ,Titan Gray,SAMSUNG Galaxy Grand Quattro ,1,8,5999,5999,0,4
ASUS,Zenfone Go 4.5 LTE ,Silver,ASUS Zenfone Go 4.5 LTE ,1,8,4890,4890,0,3.6
SAMSUNG,Galaxy M30 ,Gradation Black,SAMSUNG Galaxy M30 ,6,128,15900,19590,3690,4.3
realme,1,Moonlight Silver,realme 1,3,89,10999,12990,1991,4.2
Xiaomi,Mi 10 ,Twilight Grey,Xiaomi Mi 10 ,8,256,45871,45871,0,4.2
Xiaomi,Note 10 lite,Glacier White,Xiaomi Note 10 lite,4,64,15998,15998,0,4.3
SAMSUNG,Galaxy A50s ,Prism Crush White,SAMSUNG Galaxy A50s ,6,128,21099,26900,5801,4.3
realme,X ,Onion,realme X ,8,128,20999,20999,0,4.5
ASUS,ZenFone 5Z ,Midnight Blue,ASUS ZenFone 5Z ,6,128,36299,36299,0,4.5
OPPO,F1S,Rose Gold,OPPO F1S,4,64,18990,18990,0,4.3
POCO,F3 GT,Predator Black,POCO F3 GT,6,128,28999,32999,4000,4.3
SAMSUNG,Galaxy On8 ,Black,SAMSUNG Galaxy On8 ,3,16,13490,13490,0,4.3
Google Pixel,3 XL ,Clearly White,Google Pixel 3 XL ,4,64,83000,83000,0,4.6
realme,U1 ,Brave Blue,realme U1 ,3,64,9999,11999,2000,4.4
SAMSUNG,Galaxy Pocket Neo ,Metallic Silver,SAMSUNG Galaxy Pocket Neo ,512,4,5000,5000,0,3.9
ASUS,Zenfone Go ,Silver Blue,ASUS Zenfone Go ,2,32,7300,7300,0,3.8
realme,C3 ,Volcano Grey,realme C3 ,3,32,8999,8999,0,4.4
IQOO,3,Quantum Silver,IQOO 3,8,128,34990,37990,3000,4.4
Lenovo,A7 ,Black,Lenovo A7 ,4,64,8490,9999,1509,3.9
SAMSUNG,GALAXY M51 ,Celestial Black,SAMSUNG GALAXY M51 ,6,128,24990,24990,0,4.3
SAMSUNG,Galaxy Note 5 Dual ,Gold Platinum,SAMSUNG Galaxy Note 5 Dual ,4,32,39899,39899,0,4.1
SAMSUNG,Galaxy M10S ,Metallic Blue,SAMSUNG Galaxy M10S ,3,32,8990,10000,1010,4.4
POCO,M2 Pro,Out of Blue,POCO M2 Pro,6,128,15999,19999,4000,4.4
HTC,626G Plus,Blue Lagoon,HTC 626G Plus,1,8,8999,8999,0,3.9
Xiaomi,Redmi Note 11T 5G,Matte Black,Xiaomi Redmi Note 11T 5G,8,128,22189,22189,0,4.3
ASUS,Zenfone Max Pro M1 ,Black,ASUS Zenfone Max Pro M1 ,6,64,17999,17999,0,4.3
Apple,iPhone 6 Plus ,Space Grey,Apple iPhone 6 Plus ,1,128,80500,80500,0,4.5
realme,6,Comet White,realme 6,4,64,13999,14999,1000,4.4
Xiaomi,Mi 10T ,Lunar Silver,Xiaomi Mi 10T ,6,128,32999,39999,7000,4.3
POCO,M2 Pro,Two shades of black,POCO M2 Pro,6,64,14999,17999,3000,4.4
SAMSUNG,M31 Prime ,IceBerg Blue,SAMSUNG M31 Prime ,6,128,17259,17259,0,4.3
SAMSUNG,Galaxy A52 ,Awesome Violet,SAMSUNG Galaxy A52 ,6,128,27499,30499,3000,4.3
Apple,iPhone 12 ,Blue,Apple iPhone 12 ,4,256,78999,80900,1901,4.6
OPPO,F15,Lightening Black,OPPO F15,4,128,15990,20990,5000,4.4
Xiaomi,Mi A3 ,Kind of Grey,Xiaomi Mi A3 ,4,64,12990,14990,2000,4.3
Apple,iPhone 7 ,Gold,Apple iPhone 7 ,2,256,74400,74400,0,4.5
SAMSUNG,Galaxy A51 ,Prism Crush White,SAMSUNG Galaxy A51 ,6,128,20999,25999,5000,4.3
SAMSUNG,Galaxy M02 ,Blue,SAMSUNG Galaxy M02 ,3,32,8892,8892,0,4
SAMSUNG,Galaxy M32 ,Light Blue,SAMSUNG Galaxy M32 ,6,128,16998,18439,1441,4.4
ASUS,Zenfone Max Pro M1 ,Black,ASUS Zenfone Max Pro M1 ,3,32,13199,13199,0,4.3
realme,8s 5G ,Universe Purple,realme 8s 5G ,8,128,19999,22999,3000,4.2
ASUS,6Z ,Silver,ASUS 6Z ,6,128,38999,38999,0,4.3
ASUS,Zenfone Max Pro M1 ,Grey,ASUS Zenfone Max Pro M1 ,4,64,15599,15599,0,4.3
Xiaomi,Redmi 6 Pro ,Gold,Xiaomi Redmi 6 Pro ,4,64,12349,12999,650,4.5
SAMSUNG,Galaxy E5 ,Black,SAMSUNG Galaxy E5 ,1.5,16,9890,9890,0,4.2
SAMSUNG,Metro 313,Black,SAMSUNG Metro 313,4,2,2336,2336,0,4.2
Infinix,Hot S3,Blush Gold,Infinix Hot S3,4,64,11999,11999,0,4.1
realme,7 Pro ,Sun Kissed Leather,realme 7 Pro ,6,128,19999,20999,1000,4.4
Apple,iPhone 11 Pro ,Space Grey,Apple iPhone 11 Pro ,4,512,140300,140300,0,4.6
OPPO,F19 Pro,Fluid Black,OPPO F19 Pro,8,128,21990,23990,2000,4.3
GIONEE,S Plus ,Gold,GIONEE S Plus ,3,16,7350,18279,10929,3.7
Xiaomi,9A Sport,Coral Green,Xiaomi 9A Sport,3,32,7798,7798,0,4.3
Xiaomi,Redmi K20 ,Pearl White,Xiaomi Redmi K20 ,6,64,20899,21999,1100,4.5
Apple,iPhone 7 ,Jet Black,Apple iPhone 7 ,2,32,24999,31500,6501,4.5
OPPO,A15,Rainbow Silver,OPPO A15,2,32,9490,9500,10,4
Lenovo,K8 Note ,Fine Gold,Lenovo K8 Note ,3,32,7490,7490,0,4.1
LG,Q7 ,Moroccan Blue,LG Q7 ,3,32,16790,16790,0,3.3
SAMSUNG,Galaxy A2 Core ,Gold,SAMSUNG Galaxy A2 Core ,1,16,5900,5900,0,4.2
Xiaomi,Redmi Y2 ,Dark Grey,Xiaomi Redmi Y2 ,3,32,9499,9499,0,4.2
Infinix,Smart 2,Serene Gold,Infinix Smart 2,2,16,6949,6999,50,4.1
OPPO,A16,Blue,OPPO A16,3,32,10490,10490,0,3.7
vivo,X60 Pro,Midnight Black,vivo X60 Pro,12,256,54990,54990,0,4.4
OPPO,A12,Flowing Silver,OPPO A12,3,32,9490,10990,1500,4.4
SAMSUNG,Galaxy S6 Edge ,Gold Platinum,SAMSUNG Galaxy S6 Edge ,3,64,53900,53900,0,4
SAMSUNG,Galaxy On6 ,Blue,SAMSUNG Galaxy On6 ,4,64,17600,17600,0,4.3
realme,6,Comet White,realme 6,6,128,15999,16999,1000,4.4
Google Pixel,3a XL ,Clearly White,Google Pixel 3a XL ,4,64,44999,44999,0,4.5
SAMSUNG,Metro 313,Black,SAMSUNG Metro 313,512,2,2599,2599,0,4.1
ASUS,Zenfone Max Pro M1 ,Blue,ASUS Zenfone Max Pro M1 ,4,64,15599,15599,0,4.3
SAMSUNG,Galaxy Note10 Lite ,Aura Black,SAMSUNG Galaxy Note10 Lite ,6,128,39990,39990,0,4.3
Nokia,C01 Plus ,Blue,Nokia C01 Plus ,2,16,6499,6499,0,4.2
SAMSUNG,Metro 360,Black,SAMSUNG Metro 360,64,100,3499,3499,0,4.2
Xiaomi,Mi 11 Lite ,Vinyl Black,Xiaomi Mi 11 Lite ,8,128,23999,25999,2000,4.2
Apple,iPhone 8 Plus ,Silver,Apple iPhone 8 Plus ,3,256,84900,84900,0,4.6
SAMSUNG,Galaxy Note 3 ,Jet Black,SAMSUNG Galaxy Note 3 ,3,32,21999,21999,0,4.2
realme,6 Pro ,Lightning Orange,realme 6 Pro ,8,128,19499,19499,0,4.4
OPPO,Reno5 Pro 5G,Astral Blue,OPPO Reno5 Pro 5G,8,128,35990,38990,3000,4.4
GIONEE,F103 3 Version ,White,GIONEE F103 3 Version ,3,16,6598,6598,0,3.5
realme,C15 ,Power Blue,realme C15 ,3,32,9999,11999,2000,4.3
Xiaomi,Redmi Note 7 Pro ,Neptune Blue,Xiaomi Redmi Note 7 Pro ,6,128,16399,16399,0,3.8
Apple,iPhone 7 Plus ,Silver,Apple iPhone 7 Plus ,3,32,36999,37900,901,4.5
Apple,iPhone 13 ,Pink,Apple iPhone 13 ,4,256,89900,89900,0,4.2
Nokia,C01 Plus ,Blue,Nokia C01 Plus ,2,16,6499,6499,0,4.2
LG,G3 Stylus ,Black Titan,LG G3 Stylus ,1,8,13990,13990,0,4.1
realme,C15 ,Power Silver,realme C15 ,3,32,9999,11999,2000,4.3
LG,L Bello ,Black Titan,LG L Bello ,1,8,7000,17000,10000,3.9
Nokia,2.4,Fjord Blue,Nokia 2.4,3,64,10399,11499,1100,4
Apple,iPhone 11 Pro ,Silver,Apple iPhone 11 Pro ,4,512,140300,140300,0,4.6
Nokia,6.1,Copper,Nokia 6.1,4,32,12999,19999,7000,4
ASUS,ZenFone Max Pro M2 ,Titanium,ASUS ZenFone Max Pro M2 ,3,32,15999,15999,0,4.3
Apple,iPhone 8 Plus ,Red,Apple iPhone 8 Plus ,3,64,49900,49900,0,4.6
POCO,M2 Pro,Out of Blue,POCO M2 Pro,4,64,13999,16999,3000,4.4
SAMSUNG,Galaxy F62 ,Laser Green,SAMSUNG Galaxy F62 ,6,128,23999,29999,6000,4.2
Apple,iPhone 11 Pro ,Midnight Green,Apple iPhone 11 Pro ,4,256,79999,106600,26601,4.6
SAMSUNG,Galaxy A71 ,Prism Crush Black,SAMSUNG Galaxy A71 ,8,128,27499,34999,7500,4.4
SAMSUNG,Galaxy A32 ,Awesome Blue,SAMSUNG Galaxy A32 ,6,128,21700,21700,0,4.1
HTC,Desire 816  ,Dark Grey,HTC Desire 816  ,1.5,8,27390,27390,0,4.1
Apple,iPhone 6 Plus ,Space Grey,Apple iPhone 6 Plus ,1,16,39999,39999,0,4.5
SAMSUNG,Galaxy A50 ,Blue,SAMSUNG Galaxy A50 ,6,64,21990,21990,0,4.4
Apple,iPhone 7 Plus ,Red,Apple iPhone 7 Plus ,3,256,85400,85400,0,5
Infinix,Note 10 Pro,Black,Infinix Note 10 Pro,8,256,16999,19999,3000,4.2
OPPO,F19,Prism Black,OPPO F19,6,128,19990,20990,1000,4.2
Apple,iPhone 12 Mini ,Blue,Apple iPhone 12 Mini ,4,64,56999,59900,2901,4.5
GIONEE,S96,Black,GIONEE S96,8,16,1099,1999,900,3.7
SAMSUNG,Galaxy A9 Pro ,White,SAMSUNG Galaxy A9 Pro ,4,32,26900,26900,0,4.3
Lenovo,Vibe K5 Plus ,Dark Grey,Lenovo Vibe K5 Plus ,2,16,8499,8499,0,4
Infinix,Note 5,Ice Blue,Infinix Note 5,3,32,10399,10399,0,4.2
SAMSUNG,Galaxy A5 ,Champagne Gold,SAMSUNG Galaxy A5 ,2,16,17990,17990,0,4.1
OPPO,F9 Pro,Sunrise Red,OPPO F9 Pro,6,64,19990,25000,5010,4.5
Apple,iPhone XR ,Red,Apple iPhone XR ,3,128,47999,52900,4901,4.6
Nokia,3310 DS 2020,Black,Nokia 3310 DS 2020,16,32,3999,3999,0,3.8
Nokia,110 4G,Black,Nokia 110 4G,128,48,3075,3075,0,4.2
GIONEE,P7 ,Gold,GIONEE P7 ,2,16,4450,4450,0,3.8
SAMSUNG,Galaxy M32 ,Black,SAMSUNG Galaxy M32 ,4,64,14749,15980,1231,4.2
Apple,iPhone 12 Pro Max ,Pacific Blue,Apple iPhone 12 Pro Max ,14,512,149900,149900,0,4.6
realme,C11 2021 ,Cool Grey,realme C11 2021 ,4,64,8799,9999,1200,4.2
realme,9 5G SE,Starry Glow,realme 9 5G SE,8,128,22999,26999,4000,4.5
Motorola,M,Grey,Motorola M,3,32,14999,14999,0,3.9
SAMSUNG,Galaxy S10e ,Prism Black,SAMSUNG Galaxy S10e ,6,128,59000,59000,0,4.5
vivo,Y21 ,Diamond Glow,vivo Y21 ,6,128,32990,32990,0,4.3
SAMSUNG,Galaxy S9 Plus ,Sunrise Gold,SAMSUNG Galaxy S9 Plus ,6,128,68900,68900,0,4.5
Apple,iPhone 11 Pro Max ,Midnight Green,Apple iPhone 11 Pro Max ,4,512,150800,150800,0,4.7
GIONEE,Ctrl V4S ,White,GIONEE Ctrl V4S ,1,8,3999,3999,0,3.6
GIONEE,Pioneer P4 ,Black,GIONEE Pioneer P4 ,1,8,7150,7150,0,3.8
OPPO,A16,Royal Gold,OPPO A16,4,64,13490,13490,0,4.3
SAMSUNG,Galaxy J6 Plus ,Blue,SAMSUNG Galaxy J6 Plus ,4,64,13600,13600,0,4.3
HTC,Desire 820,Saffron Grey,HTC Desire 820,2,16,25999,25999,0,4.1
HTC,Desire 626,Dark Grey,HTC Desire 626,2,16,15490,15490,0,3.7
Xiaomi,Redmi Note 7 Pro ,Space Black,Xiaomi Redmi Note 7 Pro ,6,128,17999,17999,0,4.1
realme,Narzo 50A ,Oxygen Blue,realme Narzo 50A ,4,64,11499,12999,1500,4.3
OPPO,K3,Jade Black,OPPO K3,6,64,24990,24990,0,4.3
OPPO,A11K,Deep Blue,OPPO A11K,2,32,8990,10990,2000,4.2
Infinix,Hot 6 Pro,Magic Gold,Infinix Hot 6 Pro,3,32,8999,8999,0,4.3
realme,U1 ,Fiery Gold,realme U1 ,3,32,8490,8490,0,4.4
OPPO,Reno4 Pro,Silky White,OPPO Reno4 Pro,8,128,34990,37990,3000,4.4
realme,9 Pro 5G,Aurora Green,realme 9 Pro 5G,6,128,17999,21999,4000,4.4
Apple,iPhone 11 Pro ,Midnight Green,Apple iPhone 11 Pro ,4,512,140300,140300,0,4.6
Xiaomi,Redmi K20 ,Carbon Black,Xiaomi Redmi K20 ,6,128,18429,18429,0,4.1
HTC,Desire 516,Pearl White,HTC Desire 516,1,4,15200,15200,0,3.5
SAMSUNG,Galaxy J7 Prime ,Black,SAMSUNG Galaxy J7 Prime ,3,16,10990,10990,0,4.2
Apple,iPhone 11 ,White,Apple iPhone 11 ,4,64,49900,49900,0,4.6
Apple,iPhone XR ,Red,Apple iPhone XR ,3,256,91900,91900,0,4.6
OPPO,Neo 5,Black,OPPO Neo 5,1,16,4999,7856,2857,3.8
realme,C25s ,Watery Blue,realme C25s ,4,128,11999,11999,0,4.4
SAMSUNG,Galaxy A9 ,Caviar Black,SAMSUNG Galaxy A9 ,8,128,30990,30990,0,4.3
realme,Narzo 30 5G ,Racing Silver,realme Narzo 30 5G ,4,64,14999,15999,1000,4.4
Xiaomi,Redmi K20 Pro ,Glacier Blue,Xiaomi Redmi K20 Pro ,6,128,28999,28999,0,4.4
SAMSUNG,Galaxy S21 Plus ,Phantom Violet,SAMSUNG Galaxy S21 Plus ,8,256,75999,104999,29000,4.4
Apple,iPhone 6s ,Gold,Apple iPhone 6s ,2,64,49999,49999,0,4.5
SAMSUNG,Galaxy A22 5G ,Grey,SAMSUNG Galaxy A22 5G ,8,128,21999,23999,2000,4.2
Motorola,X 2nd Generation ,Black,Motorola X 2nd Generation ,2,32,24999,24999,0,4.2
vivo,Y69,Matte Black,vivo Y69,3,32,13990,13990,0,4.3
SAMSUNG,Galaxy Star ,Noble Black,SAMSUNG Galaxy Star ,512,4,4199,4199,0,3.8
SAMSUNG,Galaxy M11 ,Black,SAMSUNG Galaxy M11 ,4,64,11299,11300,1,4.3
Apple,iPhone 8 Plus ,Gold,Apple iPhone 8 Plus ,3,64,49900,49900,0,4.6
Apple,iPhone XS ,Silver,Apple iPhone XS ,4,512,134900,134900,0,4.7
Lenovo,A7000 ,Black,Lenovo A7000 ,2,8,5499,5499,0,4
POCO,F1,Graphite Black,POCO F1,6,256,28999,28999,0,4.5
SAMSUNG,Galaxy J7 Duo ,Black,SAMSUNG Galaxy J7 Duo ,4,32,17962,17962,0,4.3
Apple,iPhone 13 ,Midnight,Apple iPhone 13 ,4,512,109900,109900,0,4.2
SAMSUNG,Galaxy A52s 5G ,Awesome Black,SAMSUNG Galaxy A52s 5G ,8,128,37499,40999,3500,4.5
Xiaomi,Redmi 8 ,Ruby Red,Xiaomi Redmi 8 ,4,64,10999,10999,0,4.5
Nokia,3.4,Charcoal,Nokia 3.4,4,64,11999,13999,2000,3.9
realme,X2 Pro ,Red Brick,realme X2 Pro ,12,256,36999,36999,0,4.6
OPPO,F1S,Grey,OPPO F1S,4,64,18990,18990,0,4.3
realme,C2 ,Diamond Sapphire,realme C2 ,3,32,7499,8999,1500,4.4
SAMSUNG,Galaxy A03 Core,Black,SAMSUNG Galaxy A03 Core,2,32,7999,10499,2500,4
Apple,iPhone 11 ,Green,Apple iPhone 11 ,4,64,49900,49900,0,4.6
HTC,820S,Santorini White,HTC 820S,2,16,25500,25500,0,3.9
vivo,Y20G ,Obsidian Black,vivo Y20G ,4,64,23990,23990,0,4.4
Apple,iPhone 11 ,Black,Apple iPhone 11 ,4,64,49900,49900,0,4.6
Nokia,5,Silver,Nokia 5,2,16,6741,6741,0,4
SAMSUNG,Galaxy Core Prime ,Silver,SAMSUNG Galaxy Core Prime ,1,8,6995,6995,0,4.1
Nokia,5.1,Gold,Nokia 5.1,3,32,7890,15999,8109,4
Apple,iPhone XR ,White,Apple iPhone XR ,3,64,42999,47900,4901,4.6
SAMSUNG,Galaxy F12 ,Celestial Black,SAMSUNG Galaxy F12 ,4,64,11499,12999,1500,4.2
Xiaomi,Redmi K20 ,Carbon Black,Xiaomi Redmi K20 ,6,64,22999,22999,0,3.8
GIONEE,P5 Mini ,Blue,GIONEE P5 Mini ,1,8,3599,3599,0,3.8
OPPO,A5,Diamond Blue,OPPO A5,4,32,15000,15000,0,4.4
Apple,iPhone 13 Pro Max,Graphite,Apple iPhone 13 Pro Max,4,128,129900,129900,0,4.7
GIONEE,M3 ,Black,GIONEE M3 ,1,8,9599,9599,0,4.1
realme,U1 ,Brave Blue,realme U1 ,4,64,9999,15499,5500,4.4
Infinix,Note 7,Aether Black,Infinix Note 7,4,64,14999,14999,0,4.3
Xiaomi,Mi 11X ,LUNAR WHITE,Xiaomi Mi 11X ,8,128,27950,31983,4033,4.2
Google Pixel,3,Just Black,Google Pixel 3,4,128,80000,80000,0,4.5
OPPO,Reno,JET BLACK,OPPO Reno,8,128,29999,29999,0,4.4
Xiaomi,Mi 11 Lite ,Jazz Blue,Xiaomi Mi 11 Lite ,6,128,21999,24999,3000,4.2
ASUS,Zenfone Go 5.5 ,Gold,ASUS Zenfone Go 5.5 ,2,32,6999,6999,0,3.7
Xiaomi,Redmi Y3 ,Prime Black,Xiaomi Redmi Y3 ,4,64,12499,13999,1500,4.3
Lenovo,S850 ,Dark Blue,Lenovo S850 ,1,16,15999,15999,0,4
Infinix,Hot 8,Quetzal Cyan,Infinix Hot 8,4,64,9999,9999,0,4.5
ASUS,Zenfone Go 3rd Gen,Gold,ASUS Zenfone Go 3rd Gen,2,16,8999,8999,0,3.8
Apple,iPhone 6 ,Gold,Apple iPhone 6 ,1,64,62500,62500,0,4.4
Xiaomi,11 Lite NE,Vinyl Black,Xiaomi 11 Lite NE,8,130,25999,25999,0,4.3
SAMSUNG,Z1 ,Black,SAMSUNG Z1 ,768,4,3990,3990,0,3.5
realme,C21Y ,Cross Blue,realme C21Y ,3,89,8999,9999,1000,4.2
SAMSUNG,Galaxy A7-2017 ,Black Sky,SAMSUNG Galaxy A7-2017 ,3,32,25900,25900,0,3.8
Apple,iPhone SE ,Black,Apple iPhone SE ,2,128,44900,44900,0,4.5
SAMSUNG,Metro XL,Black,SAMSUNG Metro XL,64,128,3271,3271,0,4.2
GIONEE,S11 ,Royal Blue,GIONEE S11 ,4,64,8539,8549,10,2.8
vivo,T1 5G,Rainbow Fantasy,vivo T1 5G,4,128,15990,19990,4000,4.2
Motorola,G5,Volcanic Grey,Motorola G5,6,128,20999,24999,4000,4.2
SAMSUNG,Galaxy F41 ,Fusion Green,SAMSUNG Galaxy F41 ,6,64,15999,19999,4000,4.3
OPPO,A53,Fancy Blue,OPPO A53,6,128,15999,15999,0,4.3
Infinix,Smart 4,Midnight Black,Infinix Smart 4,2,32,8999,8999,0,4.4
SAMSUNG,Galaxy A7 ,Black,SAMSUNG Galaxy A7 ,4,64,22300,22300,0,4.4
HTC,Desire 626,White Birch,HTC Desire 626,2,16,11810,11810,0,3.7
Nokia,105 DS,Black,Nokia 105 DS,4,4,1660,1700,40,4.2
SAMSUNG,M01 core ,Red,SAMSUNG M01 core ,1,16,7399,7399,0,3.9
Apple,iPhone SE ,Red,Apple iPhone SE ,2,64,32999,39900,6901,4.5
Lenovo,VIBE P1 ,Grey,Lenovo VIBE P1 ,2,32,15999,15999,0,4.1
Xiaomi,MI 11X 5G ,CELESTIAL SILVER,Xiaomi MI 11X 5G ,6,128,26295,27395,1100,4.1
SAMSUNG,Metro 350,Black,SAMSUNG Metro 350,46,2,2699,3270,571,4.1
realme,C3 ,Blazing Red,realme C3 ,3,32,8999,8999,0,4.4
realme,X2 ,Pearl Green,realme X2 ,4,64,17999,17999,0,4.5
ASUS,Zenfone Go 4.5 ,Pink,ASUS Zenfone Go 4.5 ,1,8,5299,5299,0,3.9
SAMSUNG,Galaxy M02 ,Black,SAMSUNG Galaxy M02 ,3,32,8897,8897,0,4
SAMSUNG,Galaxy Note 20 Ultra 5G ,Mystic Bronze,SAMSUNG Galaxy Note 20 Ultra 5G ,12,256,91999,116000,24001,4.5
GIONEE,P5_W ,Black,GIONEE P5_W ,1,16,2799,2799,0,3.8
realme,X50 Pro ,Moss Green,realme X50 Pro ,8,128,41999,41999,0,4.3
OPPO,A5s,Black,OPPO A5s,2,32,12990,12990,0,4.3
ASUS,Zenfone C ,Red,ASUS Zenfone C ,1,8,6299,6299,0,3.8
SAMSUNG,Galaxy A52s 5G ,Awesome Black,SAMSUNG Galaxy A52s 5G ,6,128,35999,38999,3000,4.3
Apple,iPhone 13 Pro Max,Graphite,Apple iPhone 13 Pro Max,4,512,159900,159900,0,4.7
OPPO,A5,Diamond Blue,OPPO A5,4,64,15990,15990,0,4.4
SAMSUNG,Galaxy Note Edge ,Frost White,SAMSUNG Galaxy Note Edge ,3,32,30000,30000,0,3.3
realme,3,Dynamic Black,realme 3,4,64,10499,12999,2500,4.4
Xiaomi,Redmi 8A Dual ,Sky White,Xiaomi Redmi 8A Dual ,3,32,8299,8999,700,4.4
SAMSUNG,Galaxy A03s ,White,SAMSUNG Galaxy A03s ,4,64,12499,14499,2000,4.2
OPPO,A12,Flowing Silver,OPPO A12,4,64,10490,11990,1500,4.4
vivo,Y51A ,Titanium Sapphire,vivo Y51A ,3,16,23990,23990,0,4.3
LG,K42 ,Grey,LG K42 ,3,64,10990,14000,3010,3.9
Nokia,5,Tempered Blue,Nokia 5,2,16,6400,6400,0,4
Apple,iPhone 13 ,Red,Apple iPhone 13 ,4,128,79900,79900,0,4.2
Apple,iPhone 7 ,Silver,Apple iPhone 7 ,2,128,34900,34900,0,4.5
Infinix,Hot 10S,Heart of Ocean,Infinix Hot 10S,6,64,10999,13999,3000,4.3
Infinix,Hot 10 Play,Purple  ,Infinix Hot 10 Play,4,64,9299,10999,1700,4.3
vivo,V7+,Gold,vivo V7+,4,64,22099,22221,122,4.4
SAMSUNG,Galaxy M31 ,Ocean Blue,SAMSUNG Galaxy M31 ,6,64,16999,17500,501,4.3
vivo,Y21 ,Midnight Blue,vivo Y21 ,8,256,49990,54990,5000,4.4
HTC,816G,White,HTC 816G,1,16,21990,21990,0,3.9
SAMSUNG,Galaxy J7 - 6 New 2016 Edition) ,White,SAMSUNG Galaxy J7 - 6 New 2016 Edition) ,2,16,15299,15585,286,4.3
GIONEE,S6S ,Latte Gold,GIONEE S6S ,3,32,15999,15999,0,4
Lenovo,B ,Black,Lenovo B ,1,8,4890,4890,0,3.8
GIONEE,M2 ,White,GIONEE M2 ,1,4,11500,11500,0,4.2
realme,C11 2021 ,Cool Blue,realme C11 2021 ,2,32,7299,7999,700,4.3
Motorola,Edge 20 Fusion ,Electric Graphite,Motorola Edge 20 Fusion ,8,128,22999,25999,3000,4.2
SAMSUNG,Galaxy F62 ,Laser Grey,SAMSUNG Galaxy F62 ,8,128,25999,31999,6000,4.3
LG,Wing ,Illusion Sky,LG Wing ,8,128,29999,80000,50001,4.2
realme,C25Y ,Glacier Blue,realme C25Y ,4,128,11999,13999,2000,4.2
Apple,iPhone 7 Plus ,Red,Apple iPhone 7 Plus ,3,256,85400,85400,0,5
Nokia,2.3,Cyan Green,Nokia 2.3,2,32,8449,8449,0,4
Infinix,Note 7,Forest Green,Infinix Note 7,4,64,14999,14999,0,4.3
Infinix,Hot 11S,Silver Wave,Infinix Hot 11S,4,64,10999,13999,3000,4.3
SAMSUNG,SAMSUNG Metro 350 Dual Sim,Black,SAMSUNG SAMSUNG Metro 350 Dual Sim,32,2,2899,2899,0,4.1
Xiaomi,REDMI 9i ,Nature Green,Xiaomi REDMI 9i ,4,64,8799,9999,1200,4.5
SAMSUNG,Galaxy A9 ,Caviar Black,SAMSUNG Galaxy A9 ,6,128,19990,19990,0,4.4
SAMSUNG,Galaxy Note 5 ,Silver Titanium,SAMSUNG Galaxy Note 5 ,4,32,29990,29990,0,3.9
LG,Stylus 2 ,Brown,LG Stylus 2 ,2,16,8350,19000,10650,4.1
Infinix,Hot S3X,Aqua Blue,Infinix Hot S3X,3,32,10999,10999,0,4.2
Apple,iPhone 11 ,Black,Apple iPhone 11 ,4,256,64900,64900,0,4.6
SAMSUNG,Galaxy A21s ,White,SAMSUNG Galaxy A21s ,4,64,17999,17999,0,4.2
realme,C11 ,Rich Green,realme C11 ,2,32,7499,8999,1500,4.4
Motorola,X4,Super Black,Motorola X4,6,64,24999,24999,0,4.3
vivo,V20 2021 ,Sunset Melody,vivo V20 2021 ,8,128,11990,15490,3500,4.3
Xiaomi,MI3 ,Metallic Grey,Xiaomi MI3 ,2,16,7999,7999,0,4.3
Lenovo,Z2 Plus ,White,Lenovo Z2 Plus ,3,32,17999,17999,0,3.9
Apple,iPhone 12 Pro Max ,Pacific Blue,Apple iPhone 12 Pro Max ,14,256,129900,129900,0,4.6
vivo,X70 Pro+,Enigma Black,vivo X70 Pro+,12,256,79990,84990,5000,4.5
Nokia,225 4G DS 2020,Black,Nokia 225 4G DS 2020,64,128,4399,4399,0,3.7
SAMSUNG,Galaxy A51 ,Haze Crush Silver,SAMSUNG Galaxy A51 ,6,128,20999,25999,5000,4.3
SAMSUNG,Galaxy A50 ,Blue,SAMSUNG Galaxy A50 ,4,64,21000,21000,0,4.3
Nokia,5.1,Black&Blue,Nokia 5.1,3,32,16300,16300,0,4
Nokia,3,Copper White,Nokia 3,2,16,5499,10299,4800,3.9
vivo,V23 Pro 5G,Stardust Black,vivo V23 Pro 5G,8,128,38990,41990,3000,4.3
Nokia,106,Black,Nokia 106,14,2,1400,1400,0,3.9
SAMSUNG,Galaxy J2 Core ,Black,SAMSUNG Galaxy J2 Core ,1,8,6500,6500,0,4.2
OPPO,A15s,Dynamic Black,OPPO A15s,4,128,13489,13489,0,4.3
Infinix,Note 11,Glacier Green,Infinix Note 11,4,64,12499,14999,2500,4.3
realme,1,Moonlight Silver,realme 1,6,89,10990,14990,4000,4.3
Apple,iPhone 6 Plus ,Gold,Apple iPhone 6 Plus ,1,64,71500,71500,0,4.5
realme,Narzo 20A ,Victory Blue,realme Narzo 20A ,4,64,9499,11999,2500,4.4
Apple,iPhone 13 Mini ,Red,Apple iPhone 13 Mini ,4,256,79900,79900,0,4.2
GIONEE,Elife S5.1 ,Blue,GIONEE Elife S5.1 ,1,16,9999,9999,0,4.1
ASUS,Zenfone Selfie ,Silver,ASUS Zenfone Selfie ,2,16,8499,8499,0,3.9
realme,C15 Qualcomm Edition ,Power Silver,realme C15 Qualcomm Edition ,3,32,11999,11999,0,4.3
Apple,iPhone 12 ,Green,Apple iPhone 12 ,4,128,68999,70900,1901,4.6
Nokia,7 Plus ,Black & Copper,Nokia 7 Plus ,4,64,12000,26028,14028,4.3
realme,8s 5G ,Universe Blue,realme 8s 5G ,6,128,17999,20999,3000,4.5
realme,X3 SuperZoom ,Glacier Blue,realme X3 SuperZoom ,12,256,32999,34999,2000,4.2
HTC,Desire 616,Pearl White,HTC Desire 616,1,4,17200,17200,0,3.8
SAMSUNG,Galaxy A20 ,Deep Blue,SAMSUNG Galaxy A20 ,3,32,12900,12900,0,4.3
Nokia,108 Dual SIM,Black,Nokia 108 Dual SIM,4,4,2149,2149,0,4.2
SAMSUNG,Galaxy A70s ,Prism Crush White,SAMSUNG Galaxy A70s ,6,128,17999,31000,13001,4.3
Apple,iPhone 11 ,Red,Apple iPhone 11 ,4,128,54900,54900,0,4.6
Infinix,Smart 5,Obsidian Black,Infinix Smart 5,2,32,7499,8999,1500,4.3
OPPO,A5s,Gold,OPPO A5s,4,64,15726,15726,0,4.4
realme,6i ,Eclipse Black,realme 6i ,4,64,12999,14999,2000,4.4
Infinix,Hot 11S,Purple  ,Infinix Hot 11S,4,64,10999,13999,3000,4.3
SAMSUNG,Galaxy Note 4 ,Charcoal Black,SAMSUNG Galaxy Note 4 ,3,32,36900,36900,0,4.1
Nokia,6,Matte Black,Nokia 6,4,64,19499,19499,0,3.9
SAMSUNG,Galaxy A10s ,Blue,SAMSUNG Galaxy A10s ,3,32,11000,11000,0,4.3
GIONEE,P5 Mini ,White,GIONEE P5 Mini ,1,8,2999,2999,0,3.8
OPPO,A71,Gold,OPPO A71,3,16,12500,12500,0,4.2
realme,X ,Space Blue,realme X ,8,128,20999,20999,0,4.5
Xiaomi,11i Hypercharge 5G,Camo Green,Xiaomi 11i Hypercharge 5G,6,128,26999,31999,5000,4.2
Infinix,Hot 9,Ocean Wave,Infinix Hot 9,4,64,11999,11999,0,4.4
Apple,iPhone 13 mini,Green,Apple iPhone 13 mini,4,128,64900,69900,5000,4.6
realme,6i ,Eclipse Black,realme 6i ,6,64,13999,15999,2000,4.4
LG,G6 ,Blue,LG G6 ,4,64,29790,29790,0,4.2
Google Pixel,3a ,Clearly White,Google Pixel 3a ,4,64,39999,39999,0,4.5
OPPO,A53,Fairy White,OPPO A53,6,128,15999,15999,0,4.3
Nokia,3.2,Black,Nokia 3.2,3,32,11999,11999,0,4.1
GIONEE,X1s ,Blue,GIONEE X1s ,3,16,6999,6999,0,4
realme,3,Radiant Blue,realme 3,3,32,8499,10999,2500,4.5
Apple,iPhone 8 Plus ,Space Grey,Apple iPhone 8 Plus ,3,256,84900,84900,0,4.6
Apple,iPhone 12 Mini ,Blue,Apple iPhone 12 Mini ,4,128,61999,64900,2901,4.5
OPPO,A53,Electric Black,OPPO A53,4,64,11990,15990,4000,4.5
SAMSUNG,Galaxy M12 ,White,SAMSUNG Galaxy M12 ,4,64,11730,12900,1170,4.2
Motorola,Edge 20 ,Frosted Emerald,Motorola Edge 20 ,8,128,29999,34999,5000,4.4
Infinix,Hot S3,Topaz Blue,Infinix Hot S3,3,32,9999,9999,0,4.2
Xiaomi,Mi 11 Lite ,Jazz Blue,Xiaomi Mi 11 Lite ,8,128,23999,25999,2000,4.2
Nokia,5.1 Plus ,Black,Nokia 5.1 Plus ,4,64,9990,15999,6009,4.1
GIONEE,F205 Pro ,Blue,GIONEE F205 Pro ,2,16,6990,6990,0,4.1
realme,7,Mist White,realme 7,8,128,17999,20999,3000,4.3
SAMSUNG,Galaxy J5 Prime ,Gold,SAMSUNG Galaxy J5 Prime ,2,16,14500,14500,0,4
Motorola,G7,White,Motorola G7,4,64,9999,18999,9000,4.3
Xiaomi,Redmi Note 8 ,Cosmic Purple,Xiaomi Redmi Note 8 ,4,64,12999,12999,0,4.3
Motorola,One,White,Motorola One,4,64,14999,14999,0,4.1
Lenovo,VIBE P1m ,Black,Lenovo VIBE P1m ,2,16,6999,6999,0,4.1
Apple,iPhone 12 Mini ,Red,Apple iPhone 12 Mini ,4,128,61999,64900,2901,4.5
realme,3,Diamond Red,realme 3,3,89,8499,10999,2500,4.5
OPPO,Reno2 F,Sky White,OPPO Reno2 F,6,256,19990,19990,0,4.4
GIONEE,Elife E8 ,Gold,GIONEE Elife E8 ,3,64,8990,8990,0,3.9
SAMSUNG,Galaxy S10e ,Prism White,SAMSUNG Galaxy S10e ,6,128,59000,59000,0,4.5
SAMSUNG,Z2 ,Black,SAMSUNG Z2 ,1,8,4790,4790,0,3.6
GIONEE,F205 ,Black,GIONEE F205 ,2,16,8479,8479,0,4
Nokia,6310,Black,Nokia 6310,8,16,4189,4189,0,4.2
Apple,iPhone XR ,Black,Apple iPhone XR ,3,128,47999,52900,4901,4.6
Xiaomi,Mi A3 ,More Than White,Xiaomi Mi A3 ,4,64,12990,14990,2000,4.4
SAMSUNG,Galaxy Note 8 ,Orchid Grey,SAMSUNG Galaxy Note 8 ,6,64,49999,49999,0,4.6
Nokia,105 DS,Black,Nokia 105 DS,4,4,1400,1400,0,4.2
OPPO,A55,Rainbow Blue,OPPO A55,4,64,15490,18990,3500,4.3
ASUS,ZenFone Max M2 ,Silver,ASUS ZenFone Max M2 ,4,64,14999,14999,0,4.3
Xiaomi,REDMI 9 Prime ,Mint Green,Xiaomi REDMI 9 Prime ,4,64,10499,11999,1500,4.4
Motorola,G6 Play,Fine Gold,Motorola G6 Play,3,32,12999,12999,0,4.1
OPPO,A31,Mystery Black,OPPO A31,4,64,11779,11919,140,4.3
realme,3i ,Diamond Red,realme 3i ,3,32,8499,8999,500,4.4
OPPO,F17,Navy Blue,OPPO F17,8,128,21990,21990,0,4.3
Infinix,Smart 4 Plus,Quetzal Cyan,Infinix Smart 4 Plus,3,32,9999,9999,0,4.4
realme,Narzo 30 5G ,Racing Silver,realme Narzo 30 5G ,6,128,16999,17999,1000,4.3
vivo,V21e ,Sunset Jazz,vivo V21e ,3,16,18990,18990,0,4.3
Nokia,105 DS 2020,Black,Nokia 105 DS 2020,4,4,1490,1490,0,4.2
SAMSUNG,Galaxy Note 5 ,black sapphire,SAMSUNG Galaxy Note 5 ,4,32,46900,46900,0,3.9
SAMSUNG,Galaxy Alpha ,Charcoal Black,SAMSUNG Galaxy Alpha ,2,32,22389,22389,0,3.6
realme,8 5G ,Supersonic Black,realme 8 5G ,8,128,18499,18999,500,4.3
SAMSUNG,Galaxy J4 ,Gold,SAMSUNG Galaxy J4 ,3,32,10990,10990,0,4.2
Apple,iPhone 13 Pro,Alpine Green,Apple iPhone 13 Pro,4,512,149900,149900,0,4.7
HTC,Wildfire X ,Blue,HTC Wildfire X ,3,32,12999,12999,0,3.9
GIONEE,Max Pro ,Black,GIONEE Max Pro ,3,32,7299,9999,2700,3.8
Apple,iPhone 6s Plus ,Space Grey,Apple iPhone 6s Plus ,2,64,59999,59999,0,4.4
Xiaomi,Redmi 7A ,Matte Gold,Xiaomi Redmi 7A ,2,32,6999,6999,0,4.5
OPPO,A15,Dynamic Black,OPPO A15,2,32,8990,10990,2000,4
SAMSUNG,M01 core ,Black,SAMSUNG M01 core ,1,16,4999,4999,0,3.9
realme,6,Comet Blue,realme 6,8,128,16999,17999,1000,4.4
POCO,X2 Special Edition,Matrix Purple,POCO X2 Special Edition,6,128,19999,19999,0,4.5
Infinix,Smart 3 Plus,Midnight Black,Infinix Smart 3 Plus,2,32,7999,7999,0,4.2
Apple,iPhone 6 Plus ,Space Grey,Apple iPhone 6 Plus ,1,16,39999,39999,0,4.5
realme,X3 SuperZoom ,Arctic White,realme X3 SuperZoom ,12,89,32999,34999,2000,4.2
Apple,iPhone 13 Pro Max,Alpine Green,Apple iPhone 13 Pro Max,4,128,119900,119900,0,4.5
SAMSUNG,M02s ,Red,SAMSUNG M02s ,4,64,9999,10490,491,4.1
SAMSUNG,Galaxy A51 ,Prism Crush Blue,SAMSUNG Galaxy A51 ,6,128,20999,25999,5000,4.3
SAMSUNG,Galaxy A5 ,Midnight Black,SAMSUNG Galaxy A5 ,2,16,17990,17990,0,4.1
OPPO,Reno2 F,Lake Green,OPPO Reno2 F,8,128,25889,25889,0,4.4
POCO,M4 Pro 5G,Power Black,POCO M4 Pro 5G,8,128,18999,21999,3000,4.4
SAMSUNG,Galaxy M30s ,Blue,SAMSUNG Galaxy M30s ,4,64,14090,15500,1410,4.3
Nokia,150/150 DS,Black,Nokia 150/150 DS,4,4,1500,1500,0,4.2
POCO,M4 Pro,Cool Blue,POCO M4 Pro,8,128,17999,21999,4000,4.4
OPPO,Reno4 Pro Special Edition,Starry Night,OPPO Reno4 Pro Special Edition,8,128,34990,37990,3000,4.4
Apple,iPhone 12 ,Black,Apple iPhone 12 ,4,256,78999,80900,1901,4.6
Nokia,6.1,Copper,Nokia 6.1,3,32,14927,14927,0,4.2
realme,Narzo 10A ,So White,realme Narzo 10A ,4,64,9999,10999,1000,4.5
realme,3i ,Diamond Blue,realme 3i ,3,32,8499,8999,500,4.4
OPPO,F3,Black,OPPO F3,4,64,20990,20990,0,4.3
LG,K42 ,Green,LG K42 ,3,64,10990,14000,3010,3.9
Xiaomi,Redmi 8A Dual ,Midnight Grey,Xiaomi Redmi 8A Dual ,3,64,9199,9290,91,4.5
Infinix,Note 11 ,Celestial Snow,Infinix Note 11 ,4,64,12499,14999,2500,4.3
Nokia,8110,Black,Nokia 8110,512,4,3000,8400,5400,3.7
Infinix,Hot 10S,Black,Infinix Hot 10S,6,64,10999,13999,3000,4.3
Infinix,Hot 9 Pro,Ocean Wave,Infinix Hot 9 Pro,4,64,12999,12999,0,4.4
Xiaomi,Redmi 9A ,Nature Green,Xiaomi Redmi 9A ,3,32,8498,8498,0,4.5
Nokia,8.1,Blue,Nokia 8.1,6,128,22999,35999,13000,4.3
Xiaomi,Redmi 5 ,Gold,Xiaomi Redmi 5 ,4,64,10990,10990,0,4.2
Lenovo,Vibe K5 Note ,Grey,Lenovo Vibe K5 Note ,4,32,12499,12499,0,4.1
Apple,iPhone 6s Plus ,Gold,Apple iPhone 6s Plus ,2,89,49999,49999,0,4.4
OPPO,A53s 5G,Ink Black,OPPO A53s 5G,8,128,17990,18990,1000,4.3
POCO,M4 Pro 5G,Yellow,POCO M4 Pro 5G,4,64,14999,16999,2000,4.5
realme,8,Cyber Silver,realme 8,8,128,17999,18999,1000,4.3
realme,C21Y ,Cross Black,realme C21Y ,3,32,8999,9999,1000,4.2
vivo,Y95,Starry Black,vivo Y95,4,64,18990,18990,0,4.4
Xiaomi,Redmi Note 11T 5G,Stardust White,Xiaomi Redmi Note 11T 5G,6,129,19119,19119,0,4.2
SAMSUNG,Galaxy A12 ,Blue,SAMSUNG Galaxy A12 ,4,64,12144,12144,0,4.2
Nokia,C01 Plus ,Blue,Nokia C01 Plus ,2,16,6499,6499,0,4.2
Motorola,One Fusion+ ,Moonlight White,Motorola One Fusion+ ,6,128,17499,19999,2500,4.4
GIONEE,L800,Black,GIONEE L800,8,16,2199,2199,0,4
OPPO,F15,Unicorn White,OPPO F15,8,128,18990,22990,4000,4.4
SAMSUNG,Galaxy Note 5 ,Gold Platinum,SAMSUNG Galaxy Note 5 ,4,32,29990,29990,0,3.9
SAMSUNG,M31 Prime ,Space Black,SAMSUNG M31 Prime ,6,128,16750,16800,50,4.3
Xiaomi,Mi 10i ,Atlantic Blue,Xiaomi Mi 10i ,6,128,22650,24198,1548,4.3
realme,9 Pro 5G,Midnight Black,realme 9 Pro 5G,8,128,20999,23999,3000,4.4
Lenovo,A7000 Turbo ,White,Lenovo A7000 Turbo ,2,16,8999,8999,0,3.8
SAMSUNG,Galaxy S10 Plus ,Prism Black,SAMSUNG Galaxy S10 Plus ,8,128,79000,79000,0,4.6
SAMSUNG,Metro B313E Dual Sim - White,Black,SAMSUNG Metro B313E Dual Sim - White,10,2,2299,2299,0,4.1
Nokia,5.3,SAND,Nokia 5.3,6,64,12999,12999,0,3.7
ASUS,ZenFone Max Pro M2 ,Blue,ASUS ZenFone Max Pro M2 ,4,64,17999,17999,0,4.3
Nokia,216 DS 2020,Black,Nokia 216 DS 2020,16,16,2499,2499,0,4.2
POCO,M4 Pro 5G,Cool Blue,POCO M4 Pro 5G,4,64,14999,16999,2000,4.5
POCO,X2,Pheonix Red,POCO X2,8,256,21499,22999,1500,4.5
realme,6i ,Lunar White,realme 6i ,4,64,12999,14999,2000,4.4
Infinix,Note 11S,Haze Green,Infinix Note 11S,6,64,13999,16999,3000,4.3
Apple,iPhone 12 Pro Max ,Gold,Apple iPhone 12 Pro Max ,14,256,129900,129900,0,4.6
Apple,iPhone 11 ,Purple,Apple iPhone 11 ,4,64,49900,49900,0,4.6
Apple,iPhone 7 Plus ,Silver,Apple iPhone 7 Plus ,3,128,42900,42900,0,4.5
vivo,Y83 Pro,Nebula Purple,vivo Y83 Pro,4,64,14500,14500,0,4.4
SAMSUNG,Galaxy M32 ,Light Blue,SAMSUNG Galaxy M32 ,4,64,14690,14690,0,4.2
OPPO,A55,Mint Green,OPPO A55,6,128,17790,17790,0,4.1
Apple,iPhone 11 ,Purple,Apple iPhone 11 ,4,256,64900,64900,0,4.6
Infinix,S5 Lite,Midnight Black,Infinix S5 Lite,4,64,9999,9999,0,4.3
SAMSUNG,M02s ,Blue,SAMSUNG M02s ,4,64,10398,10398,0,4.1
OPPO,A52,Twilight Black,OPPO A52,8,128,20990,20990,0,4.3
SAMSUNG,Galaxy S10 Plus ,Ceramic Black,SAMSUNG Galaxy S10 Plus ,8,512,91900,91900,0,4.6
Nokia,225 4g ds,Black,Nokia 225 4g ds,64,128,3896,3999,103,3.7
OPPO,Reno7 5G,Starry Black,OPPO Reno7 5G,8,256,28999,37990,8991,4.2
GIONEE,Marathon M5 Plus ,Champagne Gold,GIONEE Marathon M5 Plus ,3,64,14999,14999,0,4.1
SAMSUNG,Metro XL,Black,SAMSUNG Metro XL,64,128,3780,3780,0,4.2
SAMSUNG,B351E/Metro 350,Black,SAMSUNG B351E/Metro 350,32,2,2089,2089,0,4.2
Lenovo,Z2 Plus ,Black,Lenovo Z2 Plus ,4,64,19999,19999,0,3.8
OPPO,F1 Plus,Gold,OPPO F1 Plus,4,64,27500,27500,0,4
Infinix,Hot 10,Aer Red,Infinix Hot 10,4,64,11999,11999,0,4.4
Xiaomi,REDMI 9 Power ,Mighty Black,Xiaomi REDMI 9 Power ,4,64,11499,13999,2500,4.4
IQOO,3, Tornado Black,IQOO 3,12,256,39990,46990,7000,4.4
OPPO,A3s,Purple,OPPO A3s,4,64,15000,15000,0,4.3
Apple,iPhone 13 Mini ,Starlight,Apple iPhone 13 Mini ,6,512,99900,99900,0,4.2
Apple,iPhone 11 Pro ,Gold,Apple iPhone 11 Pro ,4,256,121300,121300,0,4.6
SAMSUNG,Metro 313,Black,SAMSUNG Metro 313,4,2,2282,2282,0,4.2
realme,Narzo 50A ,Oxygen Blue,realme Narzo 50A ,4,32,12499,13999,1500,4.4
realme,X3 SuperZoom ,Arctic White,realme X3 SuperZoom ,12,256,32999,34999,2000,4.2
SAMSUNG,Galaxy J2 ,White,SAMSUNG Galaxy J2 ,1,8,6799,6799,0,4.1
SAMSUNG,Galaxy S7 ,Silver Titanium,SAMSUNG Galaxy S7 ,4,32,23500,45500,22000,4.4
Lenovo,K8 Note ,Venom Black,Lenovo K8 Note ,4,64,12999,12999,0,4.1
ASUS,Zenfone Max Pro M1 ,Grey,ASUS Zenfone Max Pro M1 ,6,64,17999,17999,0,4.3
Apple,iPhone 13 Mini ,Starlight,Apple iPhone 13 Mini ,4,256,79900,79900,0,4.2
Lenovo,P2 ,Grey,Lenovo P2 ,4,32,17999,17999,0,4.3
SAMSUNG,Galaxy J6 Plus ,Black,SAMSUNG Galaxy J6 Plus ,4,64,14000,14000,0,4.3
SAMSUNG,Galaxy A72 ,Awesome Black,SAMSUNG Galaxy A72 ,8,256,37999,43999,6000,4.3
Infinix,Hot 9 Pro,Violet,Infinix Hot 9 Pro,4,64,12999,12999,0,4.4
ASUS,Zenfone Max Pro M1 ,Grey,ASUS Zenfone Max Pro M1 ,3,32,13199,13199,0,4.3
Motorola,G60 ,Frosted Champagne,Motorola G60 ,6,128,17999,21999,4000,4.2
Apple,iPhone SE ,Black,Apple iPhone SE ,2,256,54900,54900,0,4.5
SAMSUNG,Galaxy M30S ,Black,SAMSUNG Galaxy M30S ,4,128,15499,17999,2500,4.3
GIONEE,Ctrl V5 ,White,GIONEE Ctrl V5 ,8,2,4790,4790,0,3.8
OPPO,A16k,White,OPPO A16k,3,32,10490,10490,0,4.1
realme,X3 ,Arctic White,realme X3 ,8,128,25999,27999,2000,4.4
Motorola,X4,Super Black,Motorola X4,4,64,23999,23999,0,4.3
Infinix,Hot 11S,Polar Black,Infinix Hot 11S,4,128,11999,14999,3000,4.3
SAMSUNG,Galaxy A12 ,White,SAMSUNG Galaxy A12 ,4,128,14999,14999,0,4.2
Google Pixel,3 XL ,Just Black,Google Pixel 3 XL ,4,64,83000,83000,0,4.6
SAMSUNG,Galaxy A31 ,Prism Crush Black,SAMSUNG Galaxy A31 ,6,128,18999,18999,0,4.3
Apple,iPhone 7 Plus ,Gold,Apple iPhone 7 Plus ,3,128,42900,42900,0,4.5
Lenovo,K8 Note ,Fine Gold,Lenovo K8 Note ,4,64,8499,8499,0,4.1
SAMSUNG,Galaxy S9 ,Coral Blue,SAMSUNG Galaxy S9 ,4,64,62500,62500,0,4.4
Xiaomi,Mi Max 2 ,Black,Xiaomi Mi Max 2 ,4,64,13990,13990,0,4.4
SAMSUNG,Galaxy F02s ,Diamond White,SAMSUNG Galaxy F02s ,4,64,10499,11499,1000,4.2
realme,X2 ,Pearl White,realme X2 ,4,64,17999,17999,0,4.5
Motorola,G5 Plus,Lunar Grey,Motorola G5 Plus,3,32,10999,10999,0,3.7
Xiaomi,Redmi Note 6 Pro ,Rose Gold,Xiaomi Redmi Note 6 Pro ,6,64,14999,14999,0,4.3
Infinix,Smart 4 Plus,Violet,Infinix Smart 4 Plus,3,32,9999,9999,0,4.4
SAMSUNG,Galaxy J2 - 2016 ,Silver,SAMSUNG Galaxy J2 - 2016 ,1.5,8,7200,7200,0,4
ASUS,Zenfone Max ZC550KL ,Orange,ASUS Zenfone Max ZC550KL ,3,32,8690,8690,0,4.1
SAMSUNG,Galaxy A50s ,Prism Crush White,SAMSUNG Galaxy A50s ,4,128,14999,24900,9901,4.3
SAMSUNG,Galaxy A7-2017 ,Gold Sand,SAMSUNG Galaxy A7-2017 ,3,32,25900,25900,0,3.8
OPPO,F19s,Glowing Black,OPPO F19s,6,128,19990,22990,3000,4.2
SAMSUNG,Galaxy A22 5G ,Grey,SAMSUNG Galaxy A22 5G ,6,128,19979,22498,2519,4.3
SAMSUNG,Galaxy S7 Edge ,Blue Coral,SAMSUNG Galaxy S7 Edge ,4,32,41900,41900,0,4.4
Apple,iPhone XS ,Silver,Apple iPhone XS ,4,256,76999,103900,26901,4.7
vivo,Y20A ,Dawn White,vivo Y20A ,4,128,20600,20600,0,4.4
Apple,iPhone 13 Pro Max,Sierra Blue,Apple iPhone 13 Pro Max,4,256,139900,139900,0,4.7
vivo,V9,Sapphire Blue,vivo V9,4,64,23400,23990,590,4.5
realme,C21Y ,Cross Blue,realme C21Y ,3,32,8999,9999,1000,4.2
SAMSUNG,Galaxy J2 Core ,Black,SAMSUNG Galaxy J2 Core ,1,16,6999,6999,0,4.2
Xiaomi,Mi A2 ,Black,Xiaomi Mi A2 ,6,128,14949,14949,0,3.8
OPPO,F3 Plus,Black,OPPO F3 Plus,4,64,30990,30990,0,4.3
Apple,iPhone 11 ,Yellow,Apple iPhone 11 ,4,128,54900,54900,0,4.6
realme,5 Pro ,Sparkling Blue,realme 5 Pro ,6,64,14999,15999,1000,4.5
Lenovo,Vibe Shot ,Grey,Lenovo Vibe Shot ,3,32,9799,9799,0,3.7
vivo,S2,Diamond Black,vivo S2,4,128,19990,19990,0,5
SAMSUNG,Galaxy S6 Edge ,White Pearl,SAMSUNG Galaxy S6 Edge ,3,64,53900,53900,0,4
OPPO,R1 R829,White,OPPO R1 R829,1,16,21452,21452,0,3
Motorola,G9 Power ,Electric Violet,Motorola G9 Power ,4,64,11999,15999,4000,4.1
LG,K-10 ,Black Blue,LG K-10 ,2,16,7799,7799,0,4
realme,X2 Pro ,Neptune Blue,realme X2 Pro ,8,128,31999,31999,0,4.5
ASUS,ZenFone Lite L1 ,Black,ASUS ZenFone Lite L1 ,2,16,7199,7199,0,4.2
OPPO,A57,Gold,OPPO A57,3,32,18000,18000,0,4.2
OPPO,F11 Pro,Thunder Black,OPPO F11 Pro,6,64,16990,28990,12000,4.5
GIONEE,A1 Lite ,Gold,GIONEE A1 Lite ,3,32,11499,11499,0,3.9
Lenovo,K3 Note Music ,Yellow,Lenovo K3 Note Music ,2,16,9795,9795,0,3.7
Apple,iPhone 7 Plus ,Black,Apple iPhone 7 Plus ,3,256,85400,85400,0,4.5
SAMSUNG,Galaxy J8 ,Blue,SAMSUNG Galaxy J8 ,4,64,18990,18990,0,4.4
SAMSUNG,Galaxy M40 ,Seawater Blue,SAMSUNG Galaxy M40 ,6,128,19999,19999,0,4.1
Apple,iPhone 13 Pro Max,Alpine Green,Apple iPhone 13 Pro Max,4,256,139900,139900,0,4.7
SAMSUNG,Galaxy A30 ,Blue,SAMSUNG Galaxy A30 ,4,64,18000,18000,0,4.4
vivo,T1 5G,Rainbow Fantasy,vivo T1 5G,6,128,16990,20990,4000,4.2
Apple,iPhone XR ,Yellow,Apple iPhone XR ,3,128,47999,52900,4901,4.6
SAMSUNG,Galaxy J6 ,Gold,SAMSUNG Galaxy J6 ,4,64,14990,14990,0,4.5
vivo,Y20A ,Nebula Blue,vivo Y20A ,3,64,36990,36990,0,4.4
SAMSUNG,Galaxy A52 ,Awesome Black,SAMSUNG Galaxy A52 ,8,128,28999,31999,3000,4.4
GIONEE,F9 Plus ,Blue,GIONEE F9 Plus ,3,32,9490,9490,0,4.1
SAMSUNG,Metro 313 Dual Sim,Black,SAMSUNG Metro 313 Dual Sim,16,2,2025,2025,0,4.2
Lenovo,K8 ,Fine Gold,Lenovo K8 ,3,32,6990,6990,0,4.1
realme,1,Moonlight Silver,realme 1,3,32,10999,12990,1991,4.2
OPPO,A53,Mint Cream,OPPO A53,4,64,11990,15990,4000,4.5
SAMSUNG,Galaxy S6 Edge ,Black,SAMSUNG Galaxy S6 Edge ,3,64,39999,39999,0,4
realme,Narzo 20 ,Glory Silver,realme Narzo 20 ,4,128,11499,13999,2500,4.3
SAMSUNG,Galaxy A52 ,Awesome Blue,SAMSUNG Galaxy A52 ,6,128,27810,27810,0,4.3
Apple,iPhone XR ,Coral,Apple iPhone XR ,3,64,42999,47900,4901,4.6
Infinix,Smart 2,City Blue,Infinix Smart 2,3,32,7946,7999,53,4.1
Xiaomi,Mi 10T ,Cosmic Black,Xiaomi Mi 10T ,8,128,34999,42999,8000,4.4
SAMSUNG,Galaxy Z Flip3 5G ,Cream,SAMSUNG Galaxy Z Flip3 5G ,8,256,88999,99999,11000,4.3
SAMSUNG,Galaxy J7 Prime 2 ,Gold,SAMSUNG Galaxy J7 Prime 2 ,3,32,14990,14990,0,4.3
Apple,iPhone 12 ,White,Apple iPhone 12 ,4,64,63999,65900,1901,4.6
Infinix,Hot 7,Mocha Brown,Infinix Hot 7,4,64,9999,9999,0,4.2
SAMSUNG,Galaxy A50s ,Prism Crush Black,SAMSUNG Galaxy A50s ,4,128,14999,24900,9901,4.3
SAMSUNG,Galaxy S21 Ultra ,Phantom Black,SAMSUNG Galaxy S21 Ultra ,16,512,116999,139999,23000,4.3
realme,C15 ,Power Silver,realme C15 ,4,64,10999,12999,2000,4.4
realme,3i ,Diamond Black,realme 3i ,4,64,10499,10999,500,4.4
Apple,iPhone 11 Pro ,Silver,Apple iPhone 11 Pro ,4,512,140300,140300,0,4.6
LG,W41 ,Magic Blue,LG W41 ,4,64,8499,16000,7501,4
realme,Narzo 50i ,Mint Green,realme Narzo 50i ,2,32,7499,7999,500,4.3
Apple,iPhone XS ,Gold,Apple iPhone XS ,4,256,76999,103900,26901,4.7
Apple,iPhone 6s Plus ,Space Grey,Apple iPhone 6s Plus ,2,16,72000,72000,0,4.4
realme,Narzo 10A ,So White,realme Narzo 10A ,3,32,8999,9999,1000,4.5
Apple,iPhone 11 ,Red,Apple iPhone 11 ,4,64,49900,49900,0,4.6
SAMSUNG,Galaxy A52s 5G ,Awesome Violet,SAMSUNG Galaxy A52s 5G ,6,128,35999,38999,3000,4.3
Nokia,215,Black,Nokia 215,8,32,2200,2200,0,4.1
HTC,Desire 526G Plus,Glossy Black,HTC Desire 526G Plus,1,16,9900,9900,0,4
HTC,620G,Milkyway Grey,HTC 620G,1,16,23999,23999,0,4.1
Apple,iPhone 11 ,Purple,Apple iPhone 11 ,4,128,54900,54900,0,4.6
Apple,iPhone 6s Plus ,Silver,Apple iPhone 6s Plus ,2,16,49999,49999,0,4.4
Apple,iPhone 13 Pro ,Gold,Apple iPhone 13 Pro ,6,1,169900,169900,0,4.2
Lenovo,K10 Plus ,Black,Lenovo K10 Plus ,4,64,13999,13999,0,4.1
SAMSUNG,Galaxy A22 ,Black,SAMSUNG Galaxy A22 ,6,128,18499,20499,2000,4.3
SAMSUNG,Galaxy S10 ,Prism Black,SAMSUNG Galaxy S10 ,8,128,39999,71000,31001,4.6
SAMSUNG,Galaxy A12 ,White,SAMSUNG Galaxy A12 ,6,128,14999,14999,0,3.9
SAMSUNG,Metro 350,Black,SAMSUNG Metro 350,32,16,3062,3062,0,4.1
Apple,iPhone 7 ,Black,Apple iPhone 7 ,2,32,24999,31500,6501,4.5
ASUS,ROG 5s,Storm White,ASUS ROG 5s,12,256,57999,63999,6000,4.2
Apple,iPhone 13 Pro Max,Silver,Apple iPhone 13 Pro Max,4,256,139900,139900,0,4.7
SAMSUNG,Galaxy Z Fold3 5G ,Phantom Black,SAMSUNG Galaxy Z Fold3 5G ,12,256,149999,171999,22000,4.4
Nokia,Asha 311 ,Dark Grey,Nokia Asha 311 ,512,140,5999,6879,880,4
GIONEE,F10 Plus ,Oxford Blue,GIONEE F10 Plus ,3,32,8590,8590,0,4.2
HTC,One M8 ,Gunmetal Grey,HTC One M8 ,2,16,59900,59900,0,4.4
SAMSUNG,M31s ,Mirage Blue,SAMSUNG M31s ,8,128,21950,21950,0,4.3
Xiaomi,Redmi Note 7 Pro ,Blue,Xiaomi Redmi Note 7 Pro ,4,64,14450,14899,449,4.5
POCO,X2 Special Edition,Atlantic Blue,POCO X2 Special Edition,6,128,15999,19999,4000,4.5
Xiaomi,Redmi Note 9 Pro ,Champagne Gold,Xiaomi Redmi Note 9 Pro ,4,128,15998,15998,0,4.5
SAMSUNG,Metro XL,Black,SAMSUNG Metro XL,64,128,3271,3271,0,4.2
SAMSUNG,Galaxy A10s ,Green,SAMSUNG Galaxy A10s ,2,32,9840,9840,0,4.4
Apple,iPhone 11 Pro Max ,Midnight Green,Apple iPhone 11 Pro Max ,4,64,117100,117100,0,4.7
Xiaomi,Redmi K20 ,Flame Red,Xiaomi Redmi K20 ,6,128,21349,21349,0,4.5
Nokia,7.2,Cyan Green,Nokia 7.2,4,64,19999,19999,0,4.1
realme,8 Pro ,Infinite Black,realme 8 Pro ,6,128,17999,19999,2000,4.3
SAMSUNG,Galaxy A20 ,Black,SAMSUNG Galaxy A20 ,3,32,11490,12900,1410,4.3
vivo,Z1x,Fusion Blue,vivo Z1x,6,64,19990,19990,0,4.5
Infinix,S4,Nebula Blue,Infinix S4,4,64,10999,10999,0,4.3
Xiaomi,Redmi 6A ,Gold,Xiaomi Redmi 6A ,2,32,7499,7499,0,4.3
SAMSUNG,Galaxy M32 5G ,Sky Blue,SAMSUNG Galaxy M32 5G ,8,128,24998,24998,0,4.2
SAMSUNG,Galaxy A22 ,Mint,SAMSUNG Galaxy A22 ,6,128,16999,19499,2500,4.3
OPPO,Reno2 F,Sky White,OPPO Reno2 F,8,128,21990,28990,7000,4.4
Nokia,Lumia 920 ,Black,Nokia Lumia 920 ,1,32,40699,40699,0,4.3
realme,Narzo 30 Pro 5G ,Sword Black,realme Narzo 30 Pro 5G ,8,128,19999,21999,2000,4.3
vivo,X50 Pro,Alpha Grey,vivo X50 Pro,8,256,54990,54990,0,4.5
GIONEE,S Plus ,White,GIONEE S Plus ,3,16,5555,5555,0,3.7
SAMSUNG,Galaxy F22 ,Denim Blue,SAMSUNG Galaxy F22 ,6,128,14999,16999,2000,4.3
Infinix,Note 10,Emerald Green,Infinix Note 10,4,64,10999,13999,3000,4.2
SAMSUNG,Galaxy A80 ,Ghost White,SAMSUNG Galaxy A80 ,8,128,29899,29899,0,4.4
Nokia,3,Matte Black,Nokia 3,2,16,5290,5290,0,3.9
OPPO,A15S,Fancy white,OPPO A15S,4,128,13489,13489,0,4.3
ASUS,Zenfone Go 4.5 ,Black,ASUS Zenfone Go 4.5 ,1,8,5299,5299,0,3.9
Xiaomi,Redmi Note 11T 5G,Aquamarine Blue,Xiaomi Redmi Note 11T 5G,6,128,18778,18990,212,4.2
GIONEE,S6 Pro ,Gold,GIONEE S6 Pro ,4,64,7997,7997,0,3.6
ASUS,Zenfone Go 2nd Gen,Red,ASUS Zenfone Go 2nd Gen,1,8,5299,5299,0,3.7
vivo,V9,Gold,vivo V9,4,64,20990,20990,0,4.5
Infinix,Smart 2,City Blue,Infinix Smart 2,2,16,6949,6999,50,4.1
Nokia,106,Black,Nokia 106,4,4,1560,1560,0,4.2
HTC,Desire 210,Black,HTC Desire 210,512,4,9990,9990,0,3.6
SAMSUNG,Galaxy F22 ,Denim Blue,SAMSUNG Galaxy F22 ,4,64,12999,14999,2000,4.3
HTC,Desire 826 DS,Blue Lagoon,HTC Desire 826 DS,2,16,26999,26999,0,3.7
Nokia,5.4,Dusk,Nokia 5.4,6,64,14499,18499,4000,3.9
SAMSUNG,Galaxy M11 ,Violet,SAMSUNG Galaxy M11 ,4,64,11699,11699,0,4.3
vivo,Y21T,Pearl White,vivo Y21T,4,128,16490,19990,3500,4.1
SAMSUNG,Galaxy Core Prime G361 Dual Sim - White ,White,SAMSUNG Galaxy Core Prime G361 Dual Sim - White ,1,8,7999,7999,0,3.7
POCO,X2,Matrix Purple,POCO X2,8,256,21499,22999,1500,4.5
SAMSUNG,Galaxy M40 ,COCKTAIL ORANGE,SAMSUNG Galaxy M40 ,6,128,15490,15490,0,4.1
GIONEE,S96,Black,GIONEE S96,64,128,2490,2490,0,3.9
SAMSUNG,Galaxy A22 5G ,Violet,SAMSUNG Galaxy A22 5G ,8,128,22450,22450,0,4.2
vivo,Y20 ,Purist Blue,vivo Y20 ,4,32,19490,22990,3500,4.4
realme,C21Y ,Cross Black,realme C21Y ,4,64,9999,10999,1000,4.4
Infinix,Hot S3,Bordeaux Red ,Infinix Hot S3,3,32,9999,9999,0,4.2
GIONEE,Max ,Royal Blue,GIONEE Max ,2,32,6299,7990,1691,4.1
SAMSUNG,Galaxy S21 ,Phantom Violet,SAMSUNG Galaxy S21 ,8,256,73999,87999,14000,4.3
OPPO,A9 2020,Vanilla Mint,OPPO A9 2020,8,128,15990,21990,6000,4.3
Lenovo,S930 ,Silver,Lenovo S930 ,1,8,13604,13604,0,4.3
SAMSUNG,Galaxy M30s ,Black,SAMSUNG Galaxy M30s ,4,64,14069,15500,1431,4.3
Lenovo,Vibe P1 Turbo ,Grey,Lenovo Vibe P1 Turbo ,3,32,9229,9229,0,3.7
SAMSUNG,Galaxy S20+ ,Cloud Blue,SAMSUNG Galaxy S20+ ,8,128,54999,83000,28001,4.4
LG,Q7+ ,Black,LG Q7+ ,4,64,11849,18990,7141,3.2
Motorola,G5,Frosted Silver,Motorola G5,6,128,20999,24999,4000,4.2
ASUS,Zenfone Go ,Silver Blue,ASUS Zenfone Go ,1,8,5699,5699,0,3.8
SAMSUNG,B350,Black,SAMSUNG B350,32,2,3000,3000,0,4
ASUS,Zenfone Max Pro M1 ,Black,ASUS Zenfone Max Pro M1 ,4,64,15599,15599,0,4.3
Xiaomi,Redmi Y2 ,Rose Gold,Xiaomi Redmi Y2 ,4,64,10999,10999,0,4.2
SAMSUNG,Galaxy A03s ,Black,SAMSUNG Galaxy A03s ,4,64,12499,14499,2000,4.2
Apple,iPhone XR ,Red,Apple iPhone XR ,3,64,42999,47900,4901,4.6
SAMSUNG,Galaxy A12 ,Blue,SAMSUNG Galaxy A12 ,4,64,15999,15999,0,4.2
HTC,One 802D,Silver,HTC One 802D,2,32,59590,59590,0,4.1
SAMSUNG,Galaxy J5 - 6 New 2016 Edition) ,White,SAMSUNG Galaxy J5 - 6 New 2016 Edition) ,2,16,10990,10990,0,4.2
Apple,iPhone 12 Mini ,Purple,Apple iPhone 12 Mini ,4,64,56999,59900,2901,4.5
Apple,iPhone 6s ,Space Grey,Apple iPhone 6s ,2,32,25299,29900,4601,4.5
Xiaomi,REDMI 9i ,Midnight Black,Xiaomi REDMI 9i ,4,64,8799,9999,1200,4.2
OPPO,F19 Pro,Fluid Black,OPPO F19 Pro,8,256,23490,25990,2500,4.3
SAMSUNG,Galaxy Core Prime ,Silver,SAMSUNG Galaxy Core Prime ,1,8,5490,5490,0,4.1
Apple,iPhone 12 Mini ,White,Apple iPhone 12 Mini ,4,256,71999,74900,2901,4.5
ASUS,Zenfone Max ,Black,ASUS Zenfone Max ,2,32,6999,6999,0,4.1
LG,Spirit ,Black Titan,LG Spirit ,1,8,8000,8000,0,3.8
Lenovo,Z2 Plus ,White,Lenovo Z2 Plus ,4,64,19999,19999,0,3.8
realme,X ,Polar White,realme X ,4,128,17999,17999,0,4.5
Lenovo,A1000 ,Black,Lenovo A1000 ,1,8,3549,3549,0,3.8
GIONEE,F8 Neo ,Blue,GIONEE F8 Neo ,2,32,5499,5499,0,3.9
Nokia,5.1 Plus ,Black,Nokia 5.1 Plus ,3,32,13199,13199,0,4.3
GIONEE,F10 ,Black,GIONEE F10 ,3,32,6660,7990,1330,4.1
LG,G7+ ThinQ ,Blue,LG G7+ ThinQ ,6,128,55000,55000,0,4.4
SAMSUNG,Galaxy F42 5G ,Matte Aqua,SAMSUNG Galaxy F42 5G ,8,128,22999,25999,3000,4.1
Motorola,E5 Plus,Fine Gold,Motorola E5 Plus,3,32,11999,11999,0,4.2
Nokia,220,Black,Nokia 220,8,2,2999,2999,0,4
Apple,iPhone 7 Plus ,Silver,Apple iPhone 7 Plus ,3,32,36999,37900,901,4.5
ASUS,Zenfone Selfie ,Pink,ASUS Zenfone Selfie ,3,32,17999,17999,0,4
GIONEE,P5_W ,Gold,GIONEE P5_W ,1,16,4190,4190,0,3.8
Motorola,E5,Grey,Motorola E5,2,16,12000,12000,0,4.3
Nokia,1,Dark Blue,Nokia 1,1,8,4800,4800,0,3.9
SAMSUNG,Galaxy Note 10 ,Aura Red,SAMSUNG Galaxy Note 10 ,8,256,73600,75000,1400,4.5
OPPO,R1 R829,Black,OPPO R1 R829,1,16,24990,24990,0,3
OPPO,A52,Stream White,OPPO A52,8,128,20990,20990,0,4.3
SAMSUNG,Galaxy A52 ,Awesome Blue,SAMSUNG Galaxy A52 ,8,128,28999,31999,3000,4.4
vivo,V23 5G,Stardust Black,vivo V23 5G,12,256,34990,37990,3000,4.4
vivo,Y72 5G ,Slate Gray,vivo Y72 5G ,4,128,21099,32990,11891,4.4
realme,Narzo 20 ,Victory Blue,realme Narzo 20 ,4,128,11499,13999,2500,4.3
SAMSUNG,M31 ,Ocean Blue,SAMSUNG M31 ,6,128,17845,17999,154,4.3
Apple,iPhone SE ,Red,Apple iPhone SE ,2,128,44900,44900,0,4.5
Xiaomi,Redmi Note 7S ,Astro Moonlight White,Xiaomi Redmi Note 7S ,4,64,13999,13999,0,4.4
Nokia,3.1 Plus ,Charcoal,Nokia 3.1 Plus ,3,32,7088,12799,5711,4.2
SAMSUNG,Galaxy M12 ,Black,SAMSUNG Galaxy M12 ,4,64,11290,12490,1200,4.2
SAMSUNG,Galaxy A50 ,White,SAMSUNG Galaxy A50 ,4,64,21000,21000,0,4.3
Lenovo,Vibe K5 Note ,Silver,Lenovo Vibe K5 Note ,4,32,12499,12499,0,4.1
OPPO,A31,Fantasy White,OPPO A31,4,64,12199,12319,120,4.3
realme,6i ,Lunar White,realme 6i ,6,64,13999,15999,2000,4.4
Xiaomi,REDMI 9 Power ,Fiery Red,Xiaomi REDMI 9 Power ,6,128,13499,16999,3500,4.1
Apple,iPhone 6s ,Rose Gold,Apple iPhone 6s ,2,128,55999,55999,0,4.5
Infinix,S4,Twilight Purple,Infinix S4,3,32,9999,9999,0,4.2
Apple,iPhone 11 ,Purple,Apple iPhone 11 ,4,128,54900,54900,0,4.6
SAMSUNG,Galaxy J1 ,White,SAMSUNG Galaxy J1 ,512,4,6190,6190,0,4
Apple,iPhone 7 ,Red,Apple iPhone 7 ,2,256,74400,74400,0,4.7
Infinix,Note 10,Black,Infinix Note 10,4,64,10999,13999,3000,4.2
Xiaomi,Redmi Note 7 Pro ,Space Black,Xiaomi Redmi Note 7 Pro ,6,64,15999,15999,0,4.5
vivo,V9 Youth,Gold,vivo V9 Youth,4,32,17990,17990,0,4.4
SAMSUNG,Galaxy A80 ,Phantom Black,SAMSUNG Galaxy A80 ,8,128,29899,29899,0,4.4
OPPO,Reno2,Ocean Blue,OPPO Reno2,8,256,38990,39990,1000,4.4
SAMSUNG,Galaxy M20 ,Charcoal Black,SAMSUNG Galaxy M20 ,3,32,10848,11290,442,4.3
Motorola,X4,Sterling Blue,Motorola X4,4,64,23999,23999,0,4.3
realme,C15 ,Power Blue,realme C15 ,4,89,10999,12999,2000,4.4
vivo,Y12s ,Glacier Blue,vivo Y12s ,3,32,32990,32990,0,4.4
Apple,iPhone 12 Pro Max ,Graphite,Apple iPhone 12 Pro Max ,14,256,129900,129900,0,4.6
Lenovo,A536 ,Black,Lenovo A536 ,1,8,7700,7700,0,3.8
Infinix,Note 11S Free Fire Edition,Haze Green,Infinix Note 11S Free Fire Edition,8,128,15999,18999,3000,4.3
SAMSUNG,Galaxy M30s ,White,SAMSUNG Galaxy M30s ,6,128,16999,16999,0,4.1
realme,1,Diamond Red,realme 1,3,32,11900,12990,1090,4.2
SAMSUNG,Galaxy A51 ,Prism Crush Blue,SAMSUNG Galaxy A51 ,8,128,22499,29999,7500,4.3
Infinix,Hot 11S,Green Wave,Infinix Hot 11S,4,128,11999,14999,3000,4.3
Apple,iPhone 7 ,Red,Apple iPhone 7 ,2,256,74400,74400,0,4.7
SAMSUNG,Galaxy S9 Plus ,Midnight Black,SAMSUNG Galaxy S9 Plus ,6,128,68900,68900,0,4.5
realme,Narzo 30 Pro 5G ,Blade Silver,realme Narzo 30 Pro 5G ,8,128,19999,21999,2000,4.3
realme,9 5G SE,Azure Glow,realme 9 5G SE,6,128,19999,24999,5000,4.5
POCO,X2,Pheonix Red,POCO X2,6,128,15999,19999,4000,4.5
Infinix,Hot 7 Pro,Aqua Blue,Infinix Hot 7 Pro,6,64,10999,10999,0,4.2
OPPO,Hardik Pandya Limited Editon,Black,OPPO Hardik Pandya Limited Editon,4,64,22990,22990,0,4.4
SAMSUNG,Metro 350,Black,SAMSUNG Metro 350,32,16,2849,2849,0,4.1
Nokia,108 Dual SIM,Black,Nokia 108 Dual SIM,4,4,1900,1900,0,4.2
realme,C25Y ,Glacier Blue,realme C25Y ,4,64,10999,12999,2000,4.5
SAMSUNG,Galaxy A20s ,Black,SAMSUNG Galaxy A20s ,3,32,11599,12900,1301,4.3
Xiaomi,REDMI 9 Prime ,Matte Black,Xiaomi REDMI 9 Prime ,4,64,10499,11999,1500,4.4
Nokia,6.1 Plus ,Black,Nokia 6.1 Plus ,6,64,11490,17999,6509,4.1
ASUS,ZenFone 5Z ,Midnight Blue,ASUS ZenFone 5Z ,6,64,32999,32999,0,4.5
Infinix,S5 Pro,Sea Blue,Infinix S5 Pro,4,64,12999,12999,0,4.4
realme,X2 ,Pearl Green,realme X2 ,6,128,19999,19999,0,4.5
Motorola,G10 Power ,Aurora Grey,Motorola G10 Power ,4,64,10499,12999,2500,4.1
OPPO,A11K,Flowing Silver,OPPO A11K,2,32,8990,10990,2000,4.2
ASUS,ZenFone Max M2 ,Blue,ASUS ZenFone Max M2 ,4,64,14999,14999,0,4.3
Apple,iPhone 13 ,Blue,Apple iPhone 13 ,4,512,109900,109900,0,4.2
Motorola,One Vision ,Sapphire Gradient,Motorola One Vision ,4,128,14999,22999,8000,4.2
Nokia,215 4G DS 2020,Black,Nokia 215 4G DS 2020,64,128,3162,3299,137,3.7
Apple,iPhone XS ,Gold,Apple iPhone XS ,4,512,134900,134900,0,4.7
vivo,Y21 ,Diamond Glow,vivo Y21 ,2,32,34990,39990,5000,4.3
Xiaomi,11 Lite NE,Diamond Dazzle,Xiaomi 11 Lite NE,6,128,24798,24798,0,4.4
SAMSUNG,Metro 313 Dual Sim,Black,SAMSUNG Metro 313 Dual Sim,4,2,2340,2340,0,4.3
Motorola,G5s,Fine Gold,Motorola G5s,4,32,8390,14999,6609,4.1
realme,2,Diamond Black,realme 2,4,64,11990,11990,0,4.4
SAMSUNG,Galaxy Fold 2 ,Mystic Bronze,SAMSUNG Galaxy Fold 2 ,12,256,149999,189999,40000,3
OPPO,A1K,Red,OPPO A1K,2,32,8490,13400,4910,4.3
Infinix,Hot 10 Play,Obsidian Black,Infinix Hot 10 Play,3,32,8299,9999,1700,4.3
SAMSUNG,Galaxy S20 Ultra ,Cosmic Black,SAMSUNG Galaxy S20 Ultra ,12,128,70490,70999,509,4.2
Apple,iPhone X ,Space Gray,Apple iPhone X ,3,64,91900,91900,0,4.6
LG,Q Stylus ,Black,LG Q Stylus ,3,32,20000,20000,0,3.8
Apple,iPhone 13 Pro Max ,Gold,Apple iPhone 13 Pro Max ,6,128,129900,129900,0,4.2
ASUS,ROG Phone 5 Pro ,Black,ASUS ROG Phone 5 Pro ,16,512,69999,75999,6000,4.2
SAMSUNG,Galaxy S Duos 2 ,Black,SAMSUNG Galaxy S Duos 2 ,512,4,5999,5999,0,4
SAMSUNG,Metro 313,Black,SAMSUNG Metro 313,4,2,2299,2299,0,4.2
POCO,M4 Pro 5G,Cool Blue,POCO M4 Pro 5G,6,128,16999,19999,3000,4.4
Nokia,225,Black,Nokia 225,14,32,3499,3499,0,3.6
Apple,iPhone SE ,White,Apple iPhone SE ,2,128,44900,44900,0,4.5
Apple,iPhone 13 Pro ,Gold,Apple iPhone 13 Pro ,6,128,119900,119900,0,4.2
GIONEE,F9 ,Blue,GIONEE F9 ,3,32,7900,7900,0,4.2
